word,meaning
state,"n. 州, 国, 情形, 状态
adj. 国家的, 州的, 正式的
vt. 说, 陈述, 声明, 规定"
statement," n. 声明, 陈述"
form," n. 形式, 形状, 表格
v. 形成, 组成, 建立"
reform," n. 改革,改正,感化
vt. 改革,改正,使悔改
vi. 改良,悔改"
plant," n. 植物，设施，设备，工厂
v. 种植，建立，设立"
plantation, n. 种植园，大农场，殖民地
transplant," vt. 移居, 移栽(植物), 移植(器官)
vi. 能经得住移植
n. 移植, 被移植的事物"
mention," vt.提到，说起； 提名表扬
n.提及"
century, n. 世纪，一百年，成百的东西
author," n. 作者,创造者
vt. 创造,写作"
authority, n. 权威；权力；当局
species," n. [生物] 物种；种类
adj. 物种上的"
subspecies, n. 亚种
art," adj. 美术(品)的,艺术(品)的
n. 艺术, 技术, 阴谋, 美术"
produce," n. 产品, 农作物
vt. 生产, 提出, 引起, 分娩, 制片
vi. 生产, 制造"
production," n. 生产,产品,产量,作品,成果"
product," n. 产品,成果,乘积"
reproduction," n. 再现, 复制, 生殖，幼树"
reproduce," v. 再生, 复制, 生殖"
productivity," n. 生产率, 生产能力"
productive, adj. 能生产的；有生产价值的；多产的；有效率的
reproductive," adj. 复制的, 生殖的
n. （尤指群居昆虫的）母体"
increase," v. 增加, 提高
n. 增加, 增强, 提高"
cause," n. 原因；事业；目标
vt. 引起；使遭受"
region," n. 地区,地域,地带,行政区"
sentence," n. 句子,意见,宣判,刑罚,命题
vt. 宣判,判决,使遭受"
population, n. 人口
study," n. 学习,研究,学科,沉思,书房
vt. 读书,计划,研究,记忆,调查
vi. 学习,研究,沉思"
fossil," adj. 化石的
n. 化石,食古不化的人,过时的词"
fossilize," vt. 使成化石，使陈腐
vi. 变成化石，变陈腐，固定化"
theory," n. 理论,原则,看法,推测"
theorist, n. 理论家
theorize, v. 推理，建立理论，（使）理论化
term," n.学期； 条款； 术语； 期限
vt.把…称为； 把…叫做"
artist," n. 艺术家, 美术家, 艺人"
artistic, adj. 艺术的
design," vt.& vi.设计； 绘制
vt.设计； 计划； 企图； 决意（做）
n.设计； 图案； 结构； 计划
vi.设计略图； （为工艺品、装潢项目等）设计； 当设计师； 构思"
designer, n. 设计者
source, n. 来源
environment," n. 环境,外界"
environmentalist, n. 环保人士，环境论者
period," n. 学时, 课时; 一段时间, 时期, 周期; 句号"
periodic," adj. 周期的, 定期的，间歇的，完句的"
periodically, adv. 周期性地，定期地
society," n. 社会, 社团，阶层圈子"
activity, n. 活动；行动；活跃
mass," n. 块,大量,众多
adj. 群众的,大规模的
v. 集中
n. pl. 群众，民众"
since," adv. 后来
conj. 既然,因为,自从
prep. 自从"
emotion," n. 情感,情绪,感动"
emotional," adj. 感情的, 情绪的"
community," n. 社区, 团体"
organism," n. 生物体, 有机体"
microorganism, n. 微生物
process," n.过程； 工序； 做事方法； 工艺流程
vt.加工； 处理； 审阅； 审核
vi.列队行进
adj.经过特殊加工（或处理）的"
individual," adj. 个别的; 独有的
n. 个人, 个体"
individualism, n. 个人主义
effect," n. 结果, 影响, 效果; 要旨
vt. 招致, 引起; 实现, 达到"
effective," adj. 有效的,有影响的"
culture," n. 文化,教养,种植
vt. 培养"
cultural," adj. 文化的,和养动植物有关的"
occur, vi.发生； 出现； 闪现
include," v. 包括,包含,连...在内
[计算机] 包括"
inclusion, n. 包含
provide," vi. 供给, 提供
vt. 提供; 规定; 准备"
indicate," v.指明, 表明, 显示, 象征, 指示"
indication," n. 象征,迹象,指示,表示"
sediment, n. 沉淀物
sedimentary," adj. 沉淀（性）的
名词sediment的形容词"
sedimentation, n. 沉淀，沉降
pressure," n. 压力, 压强, 压迫"
particular," n. 个别项目, 详细说明
adj. 特别的, 独有的; 挑剔的; 详细的"
influence," vt. 影响, 感化
n. 影响力, 势力; 影响, 权势
n. 有影响的人(或事物)"
influential," adj. 有权势的,有影响的
n. 有影响力的人物"
modern," adj. 现代的,时髦的
n. 现代人,时尚人士"
impact," n. 冲击(力), 冲突, 影响(力)
vt. 挤入, 压紧; 撞击; 对...发生影响"
heat," n.热，热度，高温； 热烈，激烈； （身体的）发烧，发热； 发情
vt.&vi.使温暖，使热； 激发…的感情，使兴奋"
object," n. 物, 物体, 目标, 宾语
v. 反对，提出...作为反对的理由"
objective," adj. 客观的, 目标的
n. 目标, 目的; 物镜
n. =objective case 宾语"
type," n.类型； 铅字； （印刷或打印的）文字； 于…类型的
vt.& vi.打字
vt.[医学]测定（血型）； 按类型把…归类； 成为…的典型； [印刷]浇铸（铅字等）"
power," n. 力量, 权力，电力
vt. 供电，激励，全速前进
adj. 与力量有关的，与权力有关的，电力控制的"
hydropower, n. 水力发电
major," n. 主修, 成年人, 陆军少校; 巨头
adj. 主要的, 较多的, 大部份的
vi. 主修"
majority, n.多数； （获胜的）票数； 成年； 法定年龄
gas," n. 煤气,气体,汽油,空话,能量
vt. 使吸入毒气,死,给...加汽油
vi. 空谈,加汽油"
gasoline, n. 汽油
cave," n. 山洞
v. (使)凹陷
vi. (in)塌落,倒坍"
cavern," n. 大洞穴
vt. 置于洞穴中，挖空"
technique, n. 技术
structure," n. 结构,构造,建筑物
v. 构成,建立,建造"
structural," adj. 结构的, 构造的，建筑的，建筑用的"
rapid," adj. 迅速的,急促的
n. 急流"
ocean," n. 海洋,大量"
oceanic," adj. 海洋的, 海洋产出的, 无垠的"
ancient," adj. 古代的,古老的
n. 古人, 古货币"
contain," vt. 包含,容纳,克制,抑制
vi. 自制"
container," n. 容器, 集装箱"
glacier," n. 冰河, 冰川"
glacial," adj. 冰的, 冰川(期)的"
glaciation, n. 冰河作用，冻结成冰
interglacial, adj. 间冰期的
theater, n.剧场； 戏剧界； 戏剧效果； [军]战区
condition," n. 情况, 条件
v. 以...为条件, 决定, 支配, 训练"
behavior," n. 行为,举止"
variety," n. 多样, 种类, 杂耍"
various, adj. 各种各样的
vary," vt. 改变,使多样化
vi. 变化,违背"
variable," adj. 可变的,易变的
n. 变量, 易变的东西"
invariably," adv. 不变化地, 一定不变地, 常常地"
nest," n. 巢, 窝
vt. 嵌入
vi. 筑巢"
characteristic," adj. 特有的, 典型的
n. 特性, 特征, 特色"
characterize," vt. 表示...的典型,赋予...特色"
government," n. 政府,政体,统治"
governing," adj. 治理的，管理的
n. 治理，管理
动词govern的现在分词"
energy," n. 活力,精力,能力,能,能量"
energetic," adj. 精力旺盛的,有力的,能量的"
involve," vt. 包含, 使陷入, 使忙于, 使卷入, 牵涉"
involvement," n. 包含, 缠绕, 混乱, 复杂的情况"
essential," adj.基本的； 必要的； 本质的； 精华的
n.必需品； 基本要素； 必不可少的东西"
essentially," adv. 本质上,本来"
movement," n. 活动,运动,动作,移动"
evidence," n. 根据, 证据
vt. vi. 证实, 证明"
European," adj. 欧洲的
n. 欧洲人"
national," adj. 国家的,民族的
n. 国民"
location," n. 地点,位置"
located," adj. 处于, 位于"
aggressive, adj. 侵略性的；好斗的；有进取心的；有闯劲的
aggression," n. 进攻, 侵犯, 侵害, 侵略"
upper," adj. 上部的,地位较高的,上面的,北方的
n. 鞋帮,上牙,兴奋剂,令人愉快的经历"
atmosphere," n. 大气, 气氛，空气, 格调, 情趣, 气压"
atmospheric, adj. 大气的，大气层的，制造气氛的
iron," adj. 刚强的
n. 铁, 熨斗, 坚强, (复数)铁制物
vt. 熨烫(平), 用铁装备
vi. 熨烫(平)"
facial," adj. 面部的
n. 面部护理"
clay," n. 粘土,泥土"
urban, adj. 城市的
urbanization," n. 都市化, 城市化"
painting," n. 水彩画,油画"
painter, n. 画家
paint," n. 油漆,颜料,绘画作品
vt. &vi. 油漆,绘画"
economic," adj. 经济学的, 经济的，有利可图的
n. [-s]经济学(状况等)"
economy, n.节约； 经济； 理财； 秩序
economically, adv. 在经济上，节约地
economical," adj. 节俭的, 经济的, 合算的"
popular," adj. 大众的,流行的,有销路的"
technology," n. 技术,工艺(学)"
technological, adj. 科技的，工艺的
layer," n.层，层次； 膜； [植]压条； 放置者，计划者
vt.把…分层堆放； 借助压条法； 生根繁殖； 将（头发）剪成不同层次
vi.形成或分成层次； [植]通过压条法而生根"
insect, n. 昆虫
ability," n. 才能, 能力"
generally, adv. 一般地
apply," vt. 应用, 申请; 涂
vt. 使专心从事
vi.申请; 有关联"
application, n.适用，应用，运用； 申请，请求，申请表格； 勤勉，用功； 敷用，敷用药
transportation," n. 运输, 运输系统, 运输工具"
transport," n.运输、运输工具；(常用复数）强烈的情绪、狂喜或狂怒
vt. 运输；流放；为强烈的情绪所激动"
method," n. 方法,办法,条理"
manufacture," n. 产品,制造,制造业
vt. 制造,加工
vi. 参与制造"
manufacturer, n. 制造商
contribute," vt. 捐助,投稿
vi. 投稿,贡献,是原因之一"
contribution," n. 贡献,捐款(赠)"
quality," n. 品质, 特质, 才能
adj. 高品质的"
marine," n. (海军)士兵或军官, 海景画
adj. 海的,海事的,船舶的,航海的"
submarine," n. 潜水艇
adj. 水底的, 海底的
vt. 用潜艇袭击
vi. 滑入...底下"
mammal, n. 哺乳动物
establish," v. 建立, 确立, 创办"
establishment," n. 确立,制定,设施,机构,权威"
extinct," adj. 灭绝的,熄灭的
n. 消灭,熄灭"
extinction, n.熄灭； 消灭，灭绝； 废除； [物]消光，自屏，衰减
complex," adj. 复杂的
n. 复合体"
complexity," n. 复杂，复杂性, 复杂的事物"
climate," n. 气候, 风气, 气氛"
climatic, adj. 气候上的
relatively," adv. 比较地, 相对地"
relative," adj. 相对的,比较的,涉及到的
n. 亲属,同类事物,相关物"
Jupiter, n. 木星
native," adj. 本国的,本土的,出生地的,天生的
n. 本地人,土著人"
erosion," n. 腐蚀,侵蚀"
erode," vt. 腐蚀,侵蚀
vi. 受到侵蚀"
contrast, n.对比，对照； 差异； 对照物，对立面； [摄]反差
construction, n. 建设，建造，结构，构造
construct," vt. 构造,绘制,建造,想出
n. 构想,建造物"
reconstruct," vt. 重建, 修复, 重现"
reconstruction," n. 复兴, 改造, 再建"
constructive," adj. 建设性的, 构造上的, 作图的"
architecture," n. 建筑学, 建筑业, 建筑物, 结构
 [总称]建筑物, 建筑风格"
architectural," adj. 建筑的,建筑学的,建筑术的"
architect, n. 建筑师
supply," n. 补给,供给,供应，贮备
vt. 补给,供给,提供,提供足够以满足"
colonial," adj. 殖民地的
n. 殖民地居民"
colony," n. 侨民,侨居地,殖民地,聚居(地)"
colonize," v. 开拓殖民地,殖民,移植"
colonization," n. 殖民, 殖民地化"
valley, n. 山谷；流域；溪谷
meteorite," n. 陨石, 陨星"
factor," n. 因素,因子
vt. 把…因素包括进去
vi.作为因素"
desert," n. 沙漠,荒地,应得(的惩罚或奖励)adj. 沙漠的,荒凉的vt. 遗弃vi. 擅离职守"
desertification," n. (土壤)荒漠化, 沙漠化"
appear," vi. 出现,显得,出版,抵达"
appearance," n. 外表,出现,出场"
disappear," vi. 消失,灭绝
vt. 引起消失"
amount," n. 数量, 总额
vi. 总计, 等于"
summary," n. 摘要,概要
adj. 摘要的,简略的"
summarize," vt. &vi. 概述,摘要而言"
store," n. 商店,贮藏,仓库
vt. 储存,贮藏,供给,保存
adj. 储备的
(在计算机里)存贮；记忆"
storefront," n. 店头, 店面
adj. 临街的"
political," adj. 政治的, 政党的, 派系斗争的, 有政治头脑的"
politician," n. 政治家, 政客"
plate," n. 碟,盘,金属板,板块
vt. 镀金,电镀,为...制印版,, 给...装钢板,用金属板固定"
plateau," n. 高原;平稳;稳定状态
vi. 到达平稳阶段"
goods," n. 货物, 商品"
expose," vt. 暴露,揭穿,使遭受（危险或不快）"
exposition," n. 博览会, 展览会, 说明"
exposure," n. 面临（困难），显露，暴露,揭露,曝光"
element," n. 成分,要素,元素,基本原理,(复数)恶劣天气"
complete," adj. 彻底的, 完整的, 已完成的
vt. 完成; 使圆满, 使完美"
completely," adv. 完全地, 十分地, 全然"
incomplete," adj. 不完全的, 不完整的"
compliment," n. 称赞,恭维,(复数)致意
vt. 称赞,恭维"
base," n. 基底,（支持、收入、力量等的）基础
vt. 以...作基础
adj. 卑鄙的；不道德的"
advantage," n. 优势,有利条件
vt. 有利于"
disadvantage," n. 不利, 不利条件, 损害, 损失"
advantageous, adj. 有利的，有助的，有益的
rarely," adv. 很少,难得"
rate," n. 比率, 等级, 价格
vt. 估价, 认为, 定等级; 责骂
vi. 受欢迎, 受推崇; 责骂"
protect," vt. 保护,投保
vi. 提供保护"
protection," n. 保护,防卫"
pheromone, n. 〈生化〉信息素
feature," n. 特征, 容貌
vt. 以...为特色
vi. 起重要作用"
expression," n. 表达,表示,表现,表情,措辞,词句"
express," n. 快车, 快递, 专使
adj. 急速的, 明确的, 直接的
adv. 用快递; 特意地
vt. 表达, 表示; 挤压出; 快递"
expressive," adj. 表达的, 用作表达的, 富于表情的"
define," vt. 定义, 解释"
definition," n. 定义, 阐释，清晰度"
local," adj. 地方性的,当地的,局部的
[计算机] 局部的"
localize," vi. 集中, 局部化
vt. 使地方化, 使局部化"
locally," adv. 地方性地, 局部性地, 位置上"
mark," n. 污迹, 标记, 分数, 烙印, 纪录
vt. 做标记于, 留意, 打分数, 留下污痕, 使...明显
vi. 做标志, 记分, 留下印记"
ecosystem, n. 生态系统
craft," n. 工艺, 手艺, 狡诈，航空器, 行会成员
vt. 手工制作"
craftspeople, 工匠;手艺人
handicraft," n. 手工艺, 手艺, 技巧"
craftsmanship, n. 手艺
experience," n. 经历, 经验
vt. 经历, 体验"
reflect," v. 反映, 反射, 归咎"
reflection," n. 反映,映像,折射,沉思,影响"
origin," n. 起源,出身,开端"
original," adj. 最初的, 原始的; 有独创性的, 原版的
n. 原件, 原稿; 有独创性的人, 怪人"
literature," n. 文学, 文献"
instrument," n. 乐器, 工具, 仪器, 器械"
instrumental," adj. 仪器的,器具的,可做为手段的"
identifiable, adj. 可辨认的
substance," n. 物质,实质,内容,重要性,财产"
role," n. 角色,影响程度"
range," n.范围； 射程； 类别； （山脉，房屋等的）排列
vi.搜索； 变化； 延伸； 漫游
vt.排列； （按一定位置或顺序）排序； 把…分类； 徘徊
adj.牧场的，放牧区的"
quantity," n. 量,数量,大量"
primary," n. 最主要者
adj. 主要的, 初期的, 根本的"
primarily," adv. 首先, 主要地"
consider," vt. 考虑, 思考, 认为"
considerable," adj. 相当大的,可观的,重要的"
considerably," adv. 非常地, 很, 颇"
aspect," n. 方面, 外貌, 外观; 方位, 方向"
approach," n. 接近; 途径, 方法
v. 靠近, 接近, 动手处理"
pacific," adj. 太平洋的,(pacific)热爱和平的,求和的, 和解的
n. 太平洋"
grass," n. 草
vt. 以牧草喂养,覆盖着草"
grasshopper," n. 蚱蜢(输送设备, 转送装置, 小型侦察机)"
grassland," n. 牧草地, 草原"
carbon," n. 碳,灯芯,复写纸"
carbohydrate," n. 碳水化合物, 糖"
carbonate," n. 碳酸盐，黑金刚石
vt. 使碳化"
carboniferous," n. 石炭纪，石炭层
adj. 含碳或煤的，石炭纪的"
carbonic, adj. 碳的，含碳的
Whig, n. 辉格党
predator," n. 食肉动物,掠夺者"
predatory," adj. 掠夺的, 掠夺成性的, 捕食生物的"
predation, 掠夺行为
particle," n. 微粒,质点,极小量"
force," n. 力量,武力,暴力,影响力
vt. 施暴,强迫,强夺,加压力
[计算机] 强制"
forced," adj. 被迫的, 强迫的, 用力的，不自然的
force的过去式(分词）"
advance," n. 前进,进步,预支
vt. 前进，增涨，预先
vi. 前进，提升
adj. 预先的，提前的"
advancement," n. 前进, 进步"
square," n. 正方形,街区,平方，广场
adj. 正方形的,正直的,公正的,结实的
vt. 使...成方形,调整，一致
vi. 符合
adv. 成直角,直接的,正方形地"
rise," n. 上升,增加,小山
v. 升起,起身,上升,(日、月、星)升起"
gradually, adv. 逐渐地
frequently," adv. 经常地, 频繁地"
frequent," adj. 经常的,频繁的
vt. 常到,常去"
diversity," n. 多样化，（人在种族、民族、宗教等方面的）多样性； 差异； 分歧
vt. 使不同,使多样化"
diverse," adj. 不同的,相异的,多种多样的"
diversion," n. 转向, 转移, 娱乐活动"
democrat, n.民主主义者，民主人士； 民主党人； <美>民主党党员
democratic," adj. 民主的, 大众的, 平等的"
style," n. 风格,时尚,字体
vt. 称呼,设计"
stylize," vt. 使风格化，仿效 ... 的风格
=stylise"
stylistic, adj. 文体上，格式上的，体裁上的
significant," adj. 有意义的, 意味深长的; 相当数量的; 重要的, 重大的
n. (复)有意义的事物; 标志"
significance," n. 意义,重要性"
significantly, adv. 较大地(重要地)
project," n. 工程,项目,计划,事业
v. 计划,设计,表达
v. 投射,放映,凸出"
projection,n. 发射，计划，突出部分
projector," n. 放映机(探照灯, 发射装置, 设计者, 制图投射线)"
preserve," vt.保护； 保持，保存； 腌制食物； 防腐处理
vi.保鲜； 保持原状； 做蜜饯； 禁猎
n.蜜饯； 防护用品； 禁猎地； 独占的事物（或范围）"
preservation, n. 保存
grain," n. 谷物, 谷类, 颗粒, 细粒, 纹理
vt. 用谷物喂养, 形成颗粒"
whale," n. 鲸,大量
vi. 捕鲸
vt. 鞭打,打击,打败"
thus," adv. 如此,这样,因此,从而
conj. 因此,于是"
shape," n. 形状,形式,定形,身材
vt. 定形,使...成形,塑造"
relation," n. 关系,家人,亲戚,叙述,陈述"
relationship," n. 关系, 关联"
lack," vt.缺乏，缺少； 需要的东西
n.缺乏，不足，没有； 缺少的东西"
galaxy," n. 银河, 一群显赫之人"
draw," v. (drew, drawn) 拉, 拖, 挨近, 提取, 画, 绘制
n. 平局; 抽签; 拉, 拽吸引人的事物"
discover, vt.& vi.发现
decade, n. 十年
replace," vt. 取代,更换"
hold," vt.拿住，握住； 保留，保存； 扣留，拘押； 容纳
vi.拿住，握住； 同意，赞成； 保持不变； 有效
n.握住； 保留； 控制"
dioxide, n. 二氧化物
cetacean," adj. 鲸的, 鲸类的
n. 鲸目生物"
organic," adj. 器官的,有机的,根本的,接近自然的
n. 有机物质"
organ," n. 风琴,器官,机构,机关报刊"
labor," n. 工作, 劳动, 劳力, 劳方
vt. 苦干, 劳动, 分娩, 阵痛, 致力于
vi. 过分详尽阐述
adj. 劳工的, 劳动的"
laborious," adj. 艰苦的, 费劲的"
laborer," n. 劳动者, 劳工
=labourer（英）"
function," n. 功能, 函数, 重大聚会
vi. 运行, 起作用"
functional," adj. 功能的,有功能的,实用的"
functionalism, n. 机能心理学，机能主义，实用第一主义
crater," n. 弹坑, 火山口"
sculpture," n. 雕塑
vt. 雕刻,雕塑
vi. 当雕刻师"
sculptural, adj. 雕刻的
rural, adj. 农村的
remove," n. 间距, 移动
vt. 除去,开除, 移动, 取下, 拿走
vi. 迁徙,离开,搬迁"
removal," n. 移动, 移居, 除去"
entire," adj. 全部的,完整的，同性质的，纯正的，全面的"
depend," vi. 依靠,相信,指望"
dependent," adj. 附属的,依赖的,悬垂的
n. 受经济援助者"
independence," n. 独立, 自主, 自立"
current," n. (水、气、电)流, 趋势
adj. 流通的, 现在的, 最近的"
adapt," vt. 使适应,改编
vi. 适应，适合"
adaptation," n. 改编,适应,改编成的作品"
adaptive," adj. 适合的,适应的,能适应的"
steam," vt. 蒸，散发；用蒸汽处理
n. 蒸汽；精力
vi. 蒸，冒水汽
adj. 蒸汽的"
steamboat," n. 轮船, 汽艇"
folk," n.民族； 人们； 〈口〉家属，亲戚； 民间音乐
adj.民间的； 普通平民的； 流传民间的； 普通百姓的"
fiber," n. 纤维(物质),力量"
feet, n.脚( foot的名词复数 )；底部；英尺(=12 英寸或 30.48 厘米)；脚步
drill," n. 训练；钻孔机；钻子；播种机
vi. 钻孔；训练
vt. 钻孔；训练；条播
n. (Drill)人名；(德、英)德里尔"
act," n. 行为,行动,法案,（戏剧、歌剧等的）一幕
vt. 表演,扮演
vi. 表演,行动,表现,充当,奏效"
wire," n. 电线,铁丝网,电报
vt. 给…装电线,用电报发,用导线连接
vi. 发电报"
remain," v. 保持, 依然, 剩余, 留下, 逗留
n. 遗迹, 剩余物, 残骸"
relate," vt.& vi.（把…）联系起来； 讲，叙述（故事等）
vt.讲述，叙述； 使…有联系； 建立或展示联系
vi.有联系； 涉及； 符合； 发生共鸣"
illustration," n. 插图,例证,说明,图解"
illustrate," vt. 举例说明,作图解
vi. 举例"
huge," adj. 巨大的,程度高的"
emphasize," v. 强调,着重
vt. 强调"
emphasis," n. 强调,重点"
survive," vt. 比…活得长,幸免于难,艰难度过
vi. 活着, 继续存在"
survival," n. 生存,幸存者"
settler, n. 移居者；殖民者
settle," n. 有背的长凳
vt. 安放,安顿,解决,决定,付清(欠款)
vi. 定居,降落"
settlement," [建]沉降; 解决, 结算,殖民(地), 租界; 居留地; 新建区; 住宅区"
paleolithic, adj. 旧石器时代的
interest," n. 兴趣, 嗜好, 利息; 股份
vt. 使...感兴趣"
demonstrate," vt. 示范, 演示, 证明
vi. 示威"
artisan," n. 工匠,技工"
affect," vt. 影响, 作用, 感动"
skeleton," n. 骨架,纲要,骨骼,骨瘦如柴的人或动物,家丑
adj. 骨骼的"
plain," n. 平原,草原
adj. 简单的,平坦的,平常的,家常的
adj.纯的，不掺杂的"
oxygen," n. 氧,氧气"
interior," adj. 内部的,内地的,国内的,在内的
n. 内部"
engine," n. 发动机, 引擎, 机车, 火车头
vt. 装引擎"
engineering," n. 工程(学),工程技术"
electricity, n. 电力；电流；强烈的紧张情绪
electrical," adj. 电的,电气科学的"
electric," adj. 电的,令人激动的,鲜亮的
n. 供电"
deposit," vt. 存放, 堆积, 使沉淀
vi. 沉淀
n. 存款, 定金, 堆积物"
deposition," n. 沉积作用(沉积物, 矿床)； <律>(在法庭上的)宣誓作证;证词,证言"
crow," n. 啼叫,乌鸦, 欢叫
vi. 啼叫,报晓,欢叫
vt. 洋洋夸口,自鸣得意"
continue," vt. &vi. 继续, 连续, 维持"
continuous," adj. 连续的, 继续的, 连绵不断的"
continuum," n. 连续,连续统,闭连集"
continuity, n. 连续性
cell," n. 细胞, 电池, 小组, 小房间, 单人牢房, (蜂房的)巢室, 手机"
celled, 含有某种或若干小细胞的
attract," v. 吸引, 有吸引力"
attractive," adj. 有吸引力的, 引起注意的"
attraction," n. 吸引, 吸引力, 有吸引力的人或事物"
private," adj. 私人的，隐蔽的
n. 士兵，列兵"
physical," adj. 身体的,物理的,物质的
n. 体检"
physicist, n. 物理学家，自然科学家
distinct," adj. (from)独特的,不同的,明显的,清楚的"
distinctive," adj. 有特色的,出众的"
distinction, n. 区别; 卓越; 殊荣
bead," n. 珠子,滴
vt. 用珍珠布置或覆盖，象珍珠一样串成线
vi. 形成珍珠"
basis," n. 基础,根据,主要成分"
tulip, n. 郁金香
textile," adj. 纺织的
n. 纺织品"
terrestrial," adj. 地球的；陆地的，[生物] 陆生的；人间的
n. 陆地生物；地球上的人"
surge," n. 汹涌,澎湃
vi. 汹涌；强烈感到；飞涨
vt. 放开,松手"
specialize," vi.专门从事； 专攻； 详细说明； 特化
vt.使专门化； 使适应特殊情况； 详细说明； 列举"
specialization," n. 专门化, 特殊化 
[生]特化器官（机体）"
specially," adv. 特别地, 专门地"
readily," adv. 不迟疑地,迅速地,轻易地"
potential," adj.潜在的，有可能的； [语法学]可能语气的，表示可能性的； 有能力的
n.潜力，潜能； [物]电位，势能； 潜能的事物； [语]可能语气"
potentially, adv. 潜在地
migration," n. 移民,移往,移动"
migrate," v. 移动,移往,随季节而移居
[计算机] 迁移"
migratory," adj. 迁移的, 流浪的"
immigration," n. 移居, 移民"
mask," n. 口罩, 假面具,掩饰, 面膜
vt. &vi. 戴面具,掩饰,化装
[计算机] 掩码"
accurate," adj. 准确的, 精确的"
vitamin, n. 维生素
timberline," n. 树带界线, 林木线"
timber," n. 木材,木料"
Pueblo," Pueblo: n. 普艾布罗(美国科罗拉多州中部一城市)
pueblo: n. 普埃布洛族，普埃布洛人"
pollutant, n. 污染物质
pollute," v. 弄脏,污染
vt. 污染"
novel," adj. 新奇的
n. 小说"
novelist, n. 小说家
novelty," n. 新奇,新奇的事物,小装饰"
mechanism," n. 机制,原理，机械,机构,结构"
headmaster, n. (中小学的)校长
habitat," n. (动植物的)产地,栖息地"
fundamental," adj. 基本的,根本的,重要的
n. 基本原理,基础"
cycle," n. 循环,周期,长期,圈,套曲,自行车,
vt. 环行,骑自行车
vi. 使环行"
cattle," n. 牛
n. 家畜，马，无价值的人，畜牲"
California," n. 加利福尼亚, 加州"
brief," n. 摘要,简报,公事包
adj. 简短的,简洁的
v. 对...作简报,摘要"
avoid," v. 避免
vt. 避免,逃避"
industrial," adj. 工业的,产业的
n. 工业公司"
industrialization, n. 工业化
industrialize," v. (使)工业化
=industrialise(英)"
industrialism," n. 产业主义, 工业制度"
preindustrial," adj. 未工业化的, 工业化前的"
independence," n. 独立, 自主, 自立"
independent," adj. 独立的, 自主的，私立的，无偏见的
n. 独立派人士, 无党派者"
immigrant," n. 移民, 侨民
adj. 移民的"
former," adj. 以前的,在前的
pron.&amp;n. 前者"
content," n. 内容, 目录, 含量
adj. 满足的, 满意的
vt. 使...满足, 使...安心"
bacteria, n. (复数)细菌
bacterial, adj. 细菌的
violin, n. 小提琴
vessel," n. 船,容器,脉管,血管,化身"
tail," n. 尾部, 后部, 侍从, 屁股, 硬币反面, 跟踪者
adj. 在后面的, 从后面而来的
vt. 连结, 除去尾巴, 装尾巴
vi. 附于其后, 尾随, 逐渐消失"
ridge," n. 脊, 山脊, 山脉"
respond," vi. &vt. 回复,反应，响应，应答
n. 拱柱"
corresponding," adj. 符合的, 一致的, 相同的, 相应的, 相当的"
correspondent," n. 通讯记者,通信者
adj. 与...一致的, 相应的"
principle," n. 原则, 原理, 主义, 信念"
prehistoric, adj. 史前的
belong, vi. 属于，适合于
accumulate," vt. 积聚,累加,堆积
vi. 累积"
accumulation," n. 积聚, 累积, 积聚物"
action," n. 起诉，行为，作用，情节,活动"
ware," n. 制品,器具,货物
vt. 留心,意识到
adj. 知道的,意识到的"
status," n. 地位, 身份, 情形, 状况"
surrounding," adj. 周围的
n. 环境, 周围的事物"
represent," vt. 表现, 表示, 描绘, 代表
vi. 提出异议"
pottery, n. 陶器
potter," n. 陶工, 陶艺家
vi. 懒散(=putter)"
isolate," adj. 孤立的
v. 隔离,孤立
vt. 使隔离,使孤立"
isolation," n. 隔离, 孤立"
constant," adj. 经常的, 不变的
n. 常数, 恒量"
constantly," adv. 不断地,经常地"
consequence," n. 结果,后果"
consequently," adv. 所以, 因此"
sequence," n. 序列, 一系列, 顺序, 一组镜头
vt. 安排顺序"
commercial," adj. 商业的
n. 商业广告"
commerce," n. 商业, 贸易"
commercially, adv. 商业上
chemical," adj. 化学的
n. 化学制品"
potash, n. [化]钾碱，碳酸钾
myth, n. 神话
mythical, adj. 神话的，虚构的，杜撰出来的
immediately," adv. 立即,直接地
conj. 一...(就)"
immediate," adj. 立即的, 即刻的, 直接的, 最接近的"
highlight," n. 加亮区,精彩部分, 最重要的细节或事件, 闪光点
vt. 加亮,强调, 使...显得重要, 照亮
[计算机] 醒目"
geological," adj. 地质学的
=geologic"
geologist, n. 地质学家
geologic, adj. 地质的
gar," abbr. 美国南北战争时期的国民军（=grand army of the republic）
n. 雀鳝，颌针鱼
vt. 迫使"
fragment," n. 碎片
vt. &vi. 变成碎片
[计算机] 碎片"
Florida, n. 佛罗里达[美国州名]
exist, v. 存在
existence," n. 存在, 生存"
destructive," adj. 破坏性的, 有害的"
destruction," n. 破坏,毁灭,破坏者"
defense," n. 防卫, 防卫物, 辩护
vt. 防守"
concept," n. 概念, 观念"
conception," n. 概念,观念,构想,怀孕"
capital," n. 首都,资本,大写字母
adj. 大写的,资本的，首要的"
capitalist," n. 资本家，资本主义者
adj. 资本主义的，有资本的"
component," n. 元件, 组件, 成份
adj. 组成的, 构成的"
appropriate," adj. 适当的, 相称的
vt. 拨出(款项); 占用"
inappropriate," adj. 不适当的,不相称的"
apparently," adj. 显然,似乎
adv. 显然"
active," adj. 积极的；活跃的；主动的；有效的；现役的
n. 主动语态；积极分子"
Sumerian," n. 苏美尔人，苏美尔语
adj. 苏美尔人的，苏美尔语的"
tropical," adj. 热带的, 炎热的, 热带植物的"
tropic," n. 回归线,热带
adj. 热带的,向性的"
tissue," n. (动、植物的)组织,薄的纱织品，餐巾纸,手巾纸"
strike," n. 罢工, 打击, 殴打
v. 打, 撞, 罢工, 划燃"
squirrel," n. 松鼠, 松鼠皮毛
vt. 储存"
raw," adj. 生的,未加工的,原始的,不熟练的,寒冷的
n. 触到某人的痛处"
prove," v. 证明, 查验, 显示"
disprove," vt. 证明...是不对的, 提出...的反证"
pole," n. 极(点),杆子
vt. 跳,支撑
vi. 用篙撑船"
personal," adj. 私人的,个人的
n. (报刊的)私人专栏"
personality," n. 个性, 名人, 特色"
permanently, adv. 永久地
permanence," n. 永久, 持久"
vertebrate," adj. 脊椎的，脊椎动物的
n. 脊椎动物"
invertebrate, n.&amp;adj. 无脊椎的(动物)
press," vt.压，按； 逼迫； 紧抱
vi.压； 逼迫； 重压
n.强迫征兵； 新闻报道，出版物； 压榨； 印刷机（厂）"
tribe," n. 部落,种族,一伙人"
physics, n. 物理学
physic," n. 药，医术，治疗
vt. 治疗，给 ... 服药
n. <古>自然科学"
liquid," adj. 液体的, 液态的
n. 液体"
item," n. 项目,条款， 一件商品（或物品）
adv. 也"
import," n. 进口
vi. 进口,输入
vt. 输入,进口"
health," n. 健康,卫生,保健"
groundwater, n. 地下水
export," vt. 输出，出口
n. 出口,输出品
vi. 传播,输出
adj. 出口的"
explosion," n. 爆炸,爆发,激增"
expectation," n. 期待,期望
v. 期待,前程"
electron, n. 电子
electronic, adj.电子的； 电子操纵的； 用电子设备生产的； 用电子设备完成的
aurora," n. 曙光, 北极光 
Aurora：[罗神]黎明的女神"
whereas," conj.&amp;adv. 然而,却,反之"
Venus, n. [天] 金星；维纳斯（爱与美的女神）
vent," n. 排气口, 表达, 发泄, 火山口
vt.&vi. 发泄, 表达, 排放"
valuable," adj. 贵重的, 有价值的
n. (pl.)贵重物品"
universe, n. 宇宙
universal," adj. 普遍的,通用的,宇宙的
n. 通用"
universality," n. 普遍性, 一般性"
unique," adj. 独一无二的, 独特的, 稀罕的"
topic," n. 题目, 话题, 主题"
electronically, adv. 电子地
document," n. 文件,公文
vt. 记载,用文件等证明
[计算机] 文档"
depict," vt. 描述,描绘"
column, n.纵队，列； 圆柱； 专栏
civil," adj. 国内的,公民的,文明的, 有礼貌的, 民用的"
civilization," n. 文明,文化"
carving," n. 雕刻品, 雕刻, 雕刻术
动词carve的现在分词"
carve," vt.& vi. 雕刻,切割"
atom, n. 原子
steel," n. 钢,钢制品,坚强
adj. 钢的,如钢铁般的,非常坚强的
vt. 包钢, 使坚硬, 使下定决心"
rite," n. 仪式, 典礼"
recognize," vt. 认出,认可,承认,意识到,表示感激"
recognition," n. 认出,承认, 感知，知识"
prior," adj. 更重要的, 较早的, 在先的
adv. 居先
n. 小修道院院长; 大修道院副院长"
priority," n. 优先权, 优先顺序, 优先"
primitive," adj. 原始的
n. 原始人,文艺复兴前的艺术家"
president," n. (国家)总统,(公司)总裁,总经理,社长(日本)"
presidency, n. 总统（总裁、主席等）的职位（或任期）
presidential, adj. 总统的
ordinary, adj. 普通的
extraordinary," adj. 非凡的,特别的,特派的"
mineral," adj. 矿物的
n. 矿物, 矿石"
livestock," n. 家畜, 牲畜"
introductory," adj. 介绍的, 引导的, 开端的"
financial," adj. 金融的,财政的"
employ," vt. 使用, 雇用, 使忙于
n. 使用, 雇用"
employee, n. 雇员
employer, n. 雇主
employment," n. 工作,职业,雇用,使用"
ecological," adj. 生态的, 生态学的"
distribution," n. 分发, 分配, 散布, 分布"
distribute," vt. &vi. 分配,散布"
cucumber, n. 黄瓜
canopy," n. 天篷, 遮篷, 苍穹"
conduct," n. 行为, 举动, 品行
v. 引导, 指挥, 管理
vt. 导电, 传热"
conductor, n. 售票员，导体，指挥
appeal," n. 恳求, 上诉, 吸引力
n. 诉诸裁决
v. 求助, 诉请, 呼吁; 有吸引力"
academy," n. 学院,学术,学会"
academic," n. 教学人员,学术人员
adj. 学院的,理论的,学术性的"
thereby," adv. 因此,从而"
stress," n. 紧张, 压力
v. 强调, 着重
vt. 强调
n.负载"
sanctuary," n. 圣所, 耶路撒冷的神殿, 至圣所"
retain," vt. 保持, 保留; 记住"
restrict," v. 限制,约束"
regular," adj. 有规律的,有规则的,整齐的,正规的"
irregular," n. 不合规格之物
adj. 不规则的, 不整齐的, 不合法的"
reduce," vt.换算； 约束； 使变为； 使变弱
vi.减少； 减轻体重； [生物学]（细胞）减数分裂； （液体）浓缩变稠"
reduction," n. 减少,缩小, (化学)还原反应, (数学)约分"
raise," n. 上升, 增高; 高地
vt. 升起, 举起, 饲养; 提出, 引起"
railroad," n. 铁路
=railway（英）
vt. 由铁道运输，使（议案等）草草通过
vi. 在铁路公司工作"
previous," adj. 在...之前, 先, 前, 以前的"
previously, adv. 以前(预先)
pool," n. 水塘(池),游泳池,撞球
vi. 形成池塘
vt. 集中,积累"
nouveau, adj. 新近到达的，最近产生的
mud," n. 泥,泥浆,恶意诽谤和攻击
vt. 弄脏,污蔑"
muddy," adj. 泥泞的,肮脏的,混浊的
v. 弄脏,使...混浊,使迷惑"
hypothesis," n. 假设, 猜测, 前提"
hypothetical," adj. 假设的, 假定的, 爱猜想的"
hypothesize," v. 假设, 假定, 猜测"
gap," n. (意见、个性等的)差异,缝隙,漏洞,缺口
vt. 制造缺口
嘉普(财富500强公司之一，总部所在地美国,主要经营服装零售)"
erode," vt. 腐蚀,侵蚀
vi. 受到侵蚀"
ecologist, n. 生态学家
crack," vt.破裂，打开； （使…）开裂； 说（笑话）； 开瓶
vi.断裂，折断； 碎裂声，爆裂声； 镜子破裂了； 失去控制，衰退
n.裂缝； 试图； 缝隙； （可听到响声的）重击
adj.训练有素的； 技艺高超的； 优秀的； 一流的"
corn," n. 谷物,谷粒,陈词滥调,鸡眼
vt. 使成颗粒状,用盐水腌制,用谷物喂
vi. 变成颗粒"
compound," n. 混合物,复合词
adj. 复(混)合的,合成的
vt. 混合,调合,妥协
vi. 混合,妥协"
commonly," adv. 一般地,通常地，普通地"
accelerate," vt. 加速,提前,跳级
vi. 加速"
well," n. 井,源泉,楼梯井
adj. 健康的,良好的,适宜的
adv. 很好地,适当地
vi. 涌出
interj. 好吧,啊"
view," n. 视野,风景,见解,方法,检查
vt. 把...视为,看,考虑"
upon, prep. 在...上
string," n. 线,一串,字串
vt. 串起,成串,收紧, 悬挂；系；扎
vi. 给…装弦
adj. 线的"
silver," adj. 银色的,银的
n. 银,银币,银器
vt. 镀银,变成银白色"
silversmith, n. 银器匠
sheet," n. 床单,张,片
vt. 盖上被单,遍布, 使成片状
vi. 成片落下或流动
adj. 片状的"
worksheet, n. (学生的)活页练习题，工作记录表
branch," n. 分支,树枝
vt &vi. 分支, 分岔"
block," n.块； 街区； <英>大楼，大厦； 障碍物，阻碍
vt.阻止； 阻塞； 限制"
availability," n. 有效,有用,有益；可得到的人(或物)"
attack," vt.& vi.攻击，进攻，抨击
n.攻击； 抨击； （队员等的）进攻； （疾病）侵袭
vt.抨击； 非难； 侵袭； 损害"
article," n. 文章,物品,条款,冠词
vt. 定契约"
ancestor," n. 祖宗,祖先,原种"
alder, n. [植]桤木
responsible," adj. 有责任的,负责的,责任重大的,应负责的"
responsibility," n. 责任, 可信度，责任心"
resistance," n. 抵抗力,反抗,反抗行动;阻力,电阻;反对
adj.  抵抗的"
resistant," adj. 抵抗的,反抗的
n. 抵抗者"
resist," v. 抵抗, 耐得住, 压制
n. 保护膜"
remarkable," adj. 显著的, 异常的, 非凡的, 值得注意的"
proportion," n. 比例,均衡,部分
vt. 使成比例,使均衡,分摊"
disproportionate, adj. 不成比例的
prevent," v. 预防, 防止"
perspective," n. 远景, 看法, 透视
adj. 透视的"
oral," adj. 口头的
n. 口试"
hominid," n. 原始人类
adj. 灵长类的"
goal, n. 目标，目的； 球门； 终点；
gather," vt.收集； 聚集，搜集； 收紧，收缩； 采集
vi.逐渐增加，积聚
n.聚集； 衣褶"
dye," n. 染料,染色
vt. 染
vi. 染色"
decline," n. 衰微, 跌落; 晚年
v. 降低, 婉谢"
consist," n. 组成
vi. 组成,存在,一致"
consistent," adj. 始终如一的, 一致的, 坚持的"
tuna, n. 金枪鱼
response," n. 反应, 响应; 回答"
specific," adj. 特殊的, 明确的, 具有特效的
n. 特效药, 特性, 详情"
specifically," adv. 特定地,明确地"
promote," vt. 促进, 提升, 升迁; 发起; 促销"
promotion," n. 促进,提升,推广"
audience," n. 听众, 观众, 读者, 拥护者, 倾听, 正式会见"
acorn," n. 橡实, 橡子"
traditional, adj. 传统的
tradition," n. 传统, 惯例"
stability," n. 稳定性,居于修道院"
spot," n. 污点, 地点, 斑点; 职位
adj. 当场的, 现实买卖的
v. 使沾上污点, 认出, 用灯光照射"
sculptor, n. 雕刻家
obtain," vt. 获得, 得到
vi. 通用, 流行, 存在"
compose," vt. 组成, 写作, 作曲, 使镇静
vi. 创作"
composition," n. 作文,著作,组织,合成物，成份"
composer, n.创作者（尤指乐曲的）
volcanic, adj. 火山的，猛烈的
volcano, n. 火山
vast," adj. 广阔的,巨大的
n. 浩瀚的太空"
trail," n. 踪迹,小径,尾
vi. 拖,尾随,追踪,落后于
vt. 拖拽,追踪"
renaissance," n. 文艺复兴,再生"
religion, n. 宗教;宗教信仰
religious," adj. 宗教的,虔诚的,细心的
n. 修道院成员, 僧侣"
reaction," n. 反应,反作用力,化学反应"
nitrogen, n. 氮
melt," n. 熔化,熔化物
vt. &vi. 熔化,溶解, 软化, 渐渐混合"
landscape," n. 风景,山水,风景画
v. 美化…的景观,进行造园工程"
evolution," n. 进化, 发展, 进展"
evolutionary," adj. 发展的(展开的,调优的)"
eventually," adv. 终于, 最后"
distinguish," vt. 区别,辨认,特别关注
vi. 区别"
core," n.中心，核心，精髓； 果心，果核； [地质学]地核； [计] 磁心
vt.去（果）核，挖去…的果心； 提取岩芯（样品）"
react," vt. 作出反应
vi. 起反应, 起作用, 反攻"
petroleum, n. 石油
observation," n. 观察,观察力,评论
adj. 被设计用来观察的"
oak," n. 橡树, 橡木
adj. 橡木制的"
normally," adv. 正常地,通常地"
focus," n. 焦点, 焦距
v. 集中, 聚集, 使集中"
flight," n.（物体的）飞行； 航班； 飞翔； 楼梯的一段
vi.成群地迁徙或飞行
vt.射击； 使惊飞"
feather," n. 羽毛,心情,种类,服饰
vt. 用羽毛装饰
vi. 长出羽毛"
evolve," vt. &vi. 进展,进化,展开"
estimate," n. 估计, 估价
v. 估计, 估价, 评价"
crust," n. 外壳,坚硬的外壳,面包皮
vt. 盖以硬皮
vi. 结硬皮"
crustal, adj. 地壳的，外壳的
conflict," n.冲突； 战斗； 相互干扰； 矛盾
vi.抵触； 争斗； 战斗； 冲突"
compete," v. 竞争, 对抗"
competition," n. 比赛,竞争"
competitor," n. 竞争者,对手"
competitive," adj. 竞争的, 比赛的"
combine," n. 集团,联合收割机
v. 化合,结合,联合
vi. 结合,联合
vt. 使结合,使联合"
combination," n. 结合,联合，联合体"
ritual," n. 仪式,典礼,宗教仪式,固定程序
adj. 仪式的,依仪式而行的，老规矩的，惯常的"
release," n. 释放, 让渡, 发行
vt. 释放, 让与, 准予发表, 发射"
performance, n.表演； 演技； 表现； 执行
muscle," n. 肌肉
vt. 用力挤
vi. 用力进行"
era," n. 纪元, 时代, 年代"
device," n. 装置, 设计, 策略, 设备"
decrease," n. 减少(量),降低
vt.& vi. 减少,降低"
throughout," adv. 到处, 自始至终
prep. 遍及, 贯穿"
standard," n.标准，规格； 旗，军旗； 度量衡标准； 直立支柱
adj.标准的，合格的； 普遍的，一般的； 公认为优秀的"
scale," n. 鳞, 刻度, 衡量, 数值范围
v. 依比例决定, 攀登"
root," n. 根,根源,祖先
vt. &vi. 生根,扎根,翻寻,起源于"
bottom," n. 底部;臀部;船身;水底;服装下面的部分;低洼地;底色;尽头
adj. 底部的
vt. 给...装底,建立基础,到达底部
vi. 到达底部,垫底，降到最低点"
biological, adj. 生物学的
biologist, n. 生物学家
microbiologist, n. 微生物学家
aquifer, n. 含水土层(含水量足以成为井水或泉水)
tone," n. 音调,语气,品质,调子,色调
vt. 使更健壮,装腔作势地说, 定调, 调色
vi. 调和(颜色), 呈现悦目色调"
solar," adj. 太阳的,太阳能的"
revolution," n. 革命, 旋转, 转数"
revolutionary," adj. 革命的
n. 革命者"
practise," vt. 实践(使...练习, 养成...的习惯)"
practice," n. 练习, 实行, 习惯; 业务
vt. &vi 练习, 实习, 开业"
Philadelphia, n. 费城
hydrogen, n. 氢
dramatic," adj. 戏剧性的,引人注目的,给人深刻印象的"
drama," n. 剧本,戏剧,戏剧性情节,刺激"
display," n. 显示,陈列,炫耀
vt. 显示,表现,夸示"
climax," n.顶点，极点； 高潮； 层进法； [生物学]顶极群落
vt.& vi.达到顶点； 达到巅峰； 使达到高潮； 使达到性高潮"
character," n. 个性, 品质; 字符; 人物; 名誉; 地位"
prey," n. 被掠食者,牺牲者
vi. 捕食,掠夺,使...苦恼"
microscope, n. 显微镜
microscopic, adj. 显微镜的，极小的，微观的
metal," n. 金属,质料
adj. 金属制的
v. 以金属覆盖"
metallic, adj. 金属的
helium, n. 氦
frame," n. 框,结构,骨架
v. 构成，把...框起来，陷害
adj. 木结构的"
continent," n. 大陆, 洲, (the Continent)欧洲大陆"
continental, adj. 大陆的
supercontinent, n. [地]超大陆
contemporary," n. 同时代的人；同时期的东西
adj. 当代的；同时代的；属于同一时期的"
claim," n. 要求,要求权;主张,断言,声称;要求物
vt. 要求,请求；主张,声称,断言"
tension," n. 紧张,张力,拉力
vt. （使金属线、帆等）拉紧"
task," n. 工作,任务
vt. 交给某人（任务)"
stimulate," vt. 刺激,激励,鼓舞
vi. 起刺激作用"
spread," n. 传布, 伸展
adj. 扩延的
v. 传布, 推广, 伸出"
solid," adj. 固体的,结实的,可靠的,实心的
n. 固体,实心"
bury, vt.埋葬，葬； 为…举行葬礼； 隐藏，埋藏，遮盖，掩蔽； 专心致志于，埋头于，沉溺于
burial," n. 埋葬，葬礼,坟墓"
attitude," n. 态度, 看法, 姿势"
therefore," adv. 因此, 所以"
subject," n. 科目, 主题; 缘由
n. (君主国)国民; 实验对象
adj. 服从的, 易患的
vt. 使隶属, 使服从; 使遭遇"
be subjected to," 使经受, 使遭受"
stable," adj. 稳定的；牢固的；坚定的
n. 马厩；牛棚
vi. 被关在马厩
vt. 赶入马房"
unstable, adj. 不稳定的，易变的
solidify," vt. 使牢固，使团结
vi. 变坚固，变结实"
present," n. 礼物, 现在
adj. 当面的, 出席的, 现在的
v. 赠送, 提出, 呈现"
presence," n. 出席,在场者,举止"
pot," n. 罐,壶,一大笔(钱)
vt. 把...装罐,(台球)入袋"
measure," n. 措施, 办法, 量度, 尺寸
v. 测量, 量"
measurement," n. 测量,衡量,尺寸,大小"
immeasurably," adv. 无法计量地, 无限地"
irrigation, n. 灌溉
irrigate," vi. 进行灌溉
vt. 灌溉"
improvement," n. 改进, 改善"
improve," vt. 改进,利用,(提高)价值
vi. 改进"
sign," n. 符号, 正负号, 手势, 迹象, 招牌
v. 签, 做手势, 做标记"
route," n. 航线,路线,途径
vt. 按路线发送, 改变路线"
prefer," vt.更喜欢； 提升，提拔； 给予（债权人）优先权； 提出（控告）
vi.更喜欢，宁愿"
preference," n. 偏爱,优先,喜爱物"
opportunity," n. 机会, 时机"
opportunist," n. 机会主义者, 投机者
adj. 机会主义者的"
opportunistic, adj. 机会主义的，投机取巧的
intense," adj. 非常的,强烈的,紧张的,热情的"
intensive," adj. 强烈的, 密集的, 精细的, 强调的
n. (语法)强调成份"
intensity," n. 激烈,强度,强烈,剧烈"
intensify," vt. 增强(强化,加剧,加厚,增高银影密度)"
global," adj. 全球性的, 全局的"
flow," vi.流； 垂； 流出； （谈话、文体等）流畅
n.流动； 滔滔不绝； 涨潮； 连贯
vt.使泛滥； 淹没； 排出"
figure," n. 图形, 数字, 形状; 人物, 外形, 体型
v. 演算, 认为, 领会到"
familiar," adj. 熟悉的,熟知的,不拘礼节的
n. 熟人,熟悉某种事物的人"
differ," vi. 不一致,不同(意见)"
differentiate," vt. 识别, 使差异, 求导数, 区分, 区别对待
vi. 区别,变异"
diet," n. 日常饮食，规定饮食
vt. 照规定饮食
adj. 低卡路里的"
dietary," adj. 饭食的, 饮食的
n. 规定的食物, 饮食的规定"
decoration," n. 装饰, 装饰品"
decorate," vt. 装饰, 装修, 授予某人奖章或其他奖状"
decorative, adj. 装饰的，可作装饰的
visible," adj. 可见的, 看得见的"
invisible," adj. 看不见的,无形的
n. 隐形人(或物品)"
desire," n. 愿望, 欲望, 情欲
v. 向往, 要求, 请求
vt. 渴望"
desirable," adj. 值得有的,令人满意的,有吸引力的
n. 有吸引力的人"
undesirable," adj. 不受欢迎的, 不良的，不合意的，讨厌的
n. 不受欢迎的人，不良分子"
compare," vt.&vi. 比较,比喻,对照
n. 比较，对照"
comparison, n. 比较
comparable," adj. 可比较的, 比得上的"
comparatively," adv. 比较地,相当地,多少"
communication," n. 沟通,交通"
communicate," vt. 传达, 传播
vi. 交流, 沟通, 联通"
citizen," n. 公民, 市民"
center," n. 中心, 中间, 主角, 中锋, 重点
vi. 居中, 聚焦于...
vt. 使集中, 放在中央"
shelter," n. 庇护所,避难所,庇护
vt. &vi. 庇护,保护,隐匿"
resemble," v. 相似, 类似, 像"
principal," adj. 主要的
n. 负责人, 校长, 资本"
maintain," vt. 维持; 维修, 保养; 坚持; 断言"
maintenance," n. 维护, 保持, 维修, 生活费用
n. 供给, 抚养; 主张"
fungi," n. 菌类, 蘑菇"
lichen," n. 地衣, 青苔"
emerge," vi. 浮现, (由某种状态)脱出, (事实)显现出来"
emergence, n. 出现
benefit," n. 利益, 津贴; 义卖, 义演
vt. 有益于
vi. 得益"
beneficial," adj. 有益的,有利的"
arch," n. 拱门,弓形
vt. 使成弓形弯曲, 拱起
vi. 成弓形, 用拱连接
adj. 主要的,调皮的"
analyze," v. 分析,分解
vt. 分析"
analysis," n. 分析, 解析"
analyst, n. 分析家
worth," adj.值得的； 有…的价值； 等值的； 有…的财产
n.财富，财产； 价"
trace," n. 痕迹,踪迹,微量
vt. 追踪,找出根源,描绘
vi. 追踪"
texture, n. 质地；纹理；结构；本质，实质
textural," adj. 组织上的, 构造上的"
surface," n. 表面,平面, 外表
adj. 表面的,肤浅的
vt. 在某物上加表层, 使...成平面
vi. 浮到水面, 披露出来, 在表面工作"
subsurface," adj. 地下的，表面下的
n. 地表下岩石"
ray," n. 光线, 射线, 雷(男子名)"
permit," n. 许可证,执照
vt. &vi. 允许,许可"
perfect," adj. 完美的；最好的；精通的
vt. 使完美；使熟练
n. 完成式"
master," n. 主人, 硕士, 母机
adj. 主人的, 主要的
v. 征服, 控制, 精通"
fit," adj. 适宜的,对的,准备好的
v. 适合,安装
n. 适宜,发作,一阵"
exhibition," n. 展览,展览会"
exhibit," n. 展览品,展览,物证
vt. 展览，展现，显出(感情或品质),提出证据
vi. 展览"
exhibitor, n.展出者； 参展商
effort," n. 努力, 努力的成果"
dominate," v. 支配, 占优势，俯视"
dominant," adj. 占优势的，主导的，显性的
n. 主宰者"
dominance," n. 支配(控制, 统治, 权威, 优势)"
dinosaur," n. 恐龙
n.(俚)过时、落伍的人或事物"
detail," n. 细节,详情,部分,分派
vt. 详述,选派,用小元素装饰
vi. 画细节"
depression," n. 沮丧,萧条"
depressed," adj. 沮丧的,降低的 vt. 压低,使沮丧,削弱(depress的过去式及过去分词)"
charge," n. 电荷, 指控, 费用; 照顾, 责任
vt. &vi 控诉, 加罪于, 要价, 赊帐, 充电, 管理"
recharge, v. 再充电，（给枪）再装弹药，再进攻
belief," n. 相信, 信念, 信仰"
basin," n. 脸盆, 盆地, 流域, 水池"
adopt," v. 采用, 收养, 接受"
adoption," n. 采用, 采纳, 收养"
vapor, n. 蒸汽
evaporate," v. 蒸发, 失去水分, 消失"
reveal," vt. 显示, 透露
n. (外墙与门或窗之间的)窗侧, 门侧
n. (汽车的)窗框"
typical," adj. 典型的, 有代表性的"
typically," adv. 代表性地, 作为特色地"
turbine, n. 涡轮
transform," vt. 转换,变形
vi. 改变
n. 变形"
transformation," n. 转型,转化,改造"
strength," n. 力量,力气,长处,强度"
strengthen," vt. &vi. 加强,变坚固"
scholar, n. 学者，获奖学金的学生
rent," n. 租金
v. 租
vi. 出租
vt. 出租,租用"
rental," n. 地租的,总额,地租收入
adj. 租借的,地租的"
property, n. 财产; 性质; 道具
practical," adj. 实际的,实用的,明智的
n. 实践考试"
photograph," n. 相片
vi. 照相,摄影
vt. 给...照相"
photography, n. 摄影术
photographic, adj. 摄影的，逼真的
perform," v. 执行, 表演, 做"
performer," n. 表演者, 执行者"
motion," n.运动； 手势； 动机，意向； 请求
vt.打手势； 向某人点头或摇头示意； 打手势要求[指示]
vi.运动； 打手势"
minor," adj. 次要的, 较小的, 二流的, 未成年的
n. 未成年人, 辅修科目, [音乐]小调
vi. 辅修"
machinery," n. (总称)机器, 机械"
crystal," adj. 清澈透明的, 晶体的
n. 水晶, 结晶"
crystalline," adj. 水晶(般)的, 水晶做的，透明的"
canal," n. 运河,沟渠,气管,食管
vt. 建运河,疏导"
loose," n. 解放, 放任, 放纵
adj. 宽松的, 不牢固的, 不精确的
v. 释放, 放枪, 开船"
profit," n. 利润, 盈利比率，利益
vi. 利用，获利
vt. 有益于"
profitable," adj. 有益的, 有用的"
internal," adj. 国内的, 内在的，身体内部的"
inhabitant, n. 居民
inhabit," v. 居住于, 占据, 栖息"
ideal," adj. 理想的, 完美的, 高尚的
n. 理想, 典范, 目标"
chimpanzee, n. 黑猩猩
feed," vt.喂养； 满足（欲望等）； 向…提供； 供…作食物
vi.吃，以…为食； 流入，注入，进入（如油流入机器）； [电子学]馈入
n.饲料（尤指粗饲料），施肥； 喂送； 草料"
feedback," n. 反馈,成果"
expansion," n. 扩大,膨胀,扩充"
expand," vt. 增加,详述,扩展,使...膨胀
vi. 扩展,增加,详述"
solution," n. 解答, 解决办法, 溶解, 溶液"
portray," v. 描写,描写...的肖像,逼真地描写"
parlor," n. 客厅, 接待室，(旅馆中的)休息室，小店
adj. 用于接待室（客厅，休息室，小店）的"
merchant," n. 商人,店主,专家
adj. 商业的"
extreme," adj. 极度的,极端的,尽头的,严重的,末端的
n. 极端,极限"
extremely," adv. 极其, 非常"
dust," n. 灰尘,无价值之物,屈辱状态
vt. 拂去灰尘, 撒上粉状物体,大胜
vi. 擦拭灰尘"
comet, n. 彗星
extend," v. 扩充, 延伸, 伸展, 扩展"
enhance," vt. 提高,加强,增加"
edge," n. 边,边缘,刀口
vt. 给...加上边,缓慢横过,使逐渐丧失
vi. 徐徐前进"
due to," 因为,由于
预定,预期"
domestic," adj. 国内的, 家庭的, 驯养的
n. 家仆, 佣人"
dissolve," vt. 消除,解散,使溶解,解决(问题),使沮丧
vi. 消散,溶解, 解散, 液化,变得模糊
n. 叠化画面"
consciousness," n. 意识,知觉,自觉,觉悟"
concentration," n. 集中, 专心, 浓度"
concentrate," vt.& vi.专心于； 注意； 集中； 聚集
vt.浓缩，（使）浓缩； [采矿]汰选； 选矿，精选，富集
vi.凝缩，浓缩，提纯
n.浓缩物
adj.集中起来的，经过浓缩的"
coast," n. 海岸,海滨,滑坡
vt. 沿海岸而行
vi. 下滑"
coastal," adj. 海岸的,沿海的,沿岸的"
coastline, n. 海岸线
apprentice," n. 学徒
v. 使当学徒"
acquire," vt. 占有,获得,取得,学到"
watercolor," n. 水彩颜料，水彩画（法）
adj. 水彩(画)的"
conscious," adj. 神志清醒的,意识到的,自觉的,有意的
n. 意识"
temperate," adj. 温和的, 适度的, 有节制的"
serve," v. 可作...用, 服务, 对待, 发球
n. 发球"
representative," adj. 代表性的, 代议制的, 典型的
n. 代表, 众议员, 典型"
representation," n. 表示法,表现,陈述，答辩"
portion," n. 部分,份,命运
v. 将...分配,分配"
pore," n. 毛孔, 小孔
v. 熟读, 熟视, 细想"
porous," adj. 可渗透的, 多孔的"
porosity," n. 多孔性, 有孔性"
peak," n. 山顶,顶点,帽舌
vi. 到达高点,消瘦
vt. 使到达顶峰,竖起
adj. 处于顶峰状态的"
occasionally, adv. 偶尔地
occasional," adj. 偶然的, 不时的"
occasion," n. 场合,机会,理由
vt. 致使,惹起,引起"
threat," n. 威胁, 凶兆"
issue," n. 问题；流出；期号；发行物
vt. 发行，发布；发给；放出，排出
vi. 发行；流出；造成…结果；传下"
hind," n. 雌鹿，石斑鱼
adj. 后部的, 在后的"
gill," n. 鳃, 及耳(液量单位）
vt. 用刺网捕鱼
vi. 被缠在刺网中"
generation," n. 代, 一代"
frontier," n. 边界,边境，尖端，边缘"
fort," n. 堡垒, 要塞"
federal," adj. 联邦的
n. 同盟盟友"
emit," v. 发出,放射,吐露
[计算机] 发射"
emission," n. 发射, 射出, 发行"
data," n. (datum的复数)资料,数据"
cultivate," vt. 培养,耕作,栽培,结交(朋友), 促进增长, 教养"
cultivation," n. 教化, 培养, 耕作"
conventional," adj. 普通的,常见的,习惯的,常规的"
convention, n.会议； 全体与会者； 国际公约； 惯例，习俗，规矩
attempt," vt.试图； 尝试
n.进攻； 尝试，冲击"
assume," vt. 假定, 设想, 承担; (想当然的)认为"
assumption," n. 假定,设想,担任(职责等),假装"
wing," n. 翅膀,翼
vt. 给...装上翼,飞行
vi. 飞行"
wealthy," adj. 富有的
n. 富人"
virtually," adv. 几乎,实际上"
trade," n. 贸易,商业,交易,行业,同行,手工艺,主顾,(复数)信风
vi. 做生意,购物,交换
vt. 用某物交换,做买卖
adj. 商业的,专业性的,同行的"
survey," n. 调查; 纵览, 视察, 测量
vt. 审视, 视察, 通盘考虑, 调查; 勘测
vi. 测量, 勘测"
surveyor, n. 测量员(检查员)
sufficient," adj. 足够的, 充分的"
insufficient, adj. 不足的
suck," v. 啜,吸,吸入,吮吸 
&lt;俚&gt;糟糕, 太烂了"
storage," n. 储存体, 储藏, 仓库, 保管费"
spontaneous," adj. 自发的, 自然产生的"
sophisticate," n. 久经世故的人
vt. 玩弄诡辩,掺合,弄复杂"
sophistication," n. 老练，精明，复杂，精密，有教养，诡辩, 强词夺理"
skull," n. 头骨,骷髅头
vt. 击打头部"
shell," n. 贝壳,壳,外形
vt. &vi. 去壳,脱落,炮击,拾贝壳
n.[计算机] DOS命令 : 安装备用的COMMAND.COM文件, 并改变环境尺寸"
eggshell, n. 蛋壳
shellfish," n. 贝,甲壳类动物"
semiarid, adj. 雨量非常的少的
arid," adj. 干燥的, 不毛的
adj. 枯燥的，无趣的"
script," n. 原稿,手稿,脚本
vi. 写剧本"
plankton, n. 浮游生物
participant," adj. 参与的
n. 参加者,参与者"
participate," vi.参加某事； 分享某事
vt.得到或接受某部分东西"
participation," n. 参加, 参与"
naturally," adv. 自然地,天生地"
naturalist," n. 自然主义者, 博物学者"
naturalistic," adj. 自然的,自然主义的,博物学的"
musician, n. 音乐家，作曲家
multiple," adj. 许多,多种多样的
n. 倍数,并联"
mantle," n. 斗篷, 覆罩之物, 罩子
v. 罩住, 覆盖, 脸红"
inevitable," adj. 不可避免的, 必然(发生)的"
historian, n. 历史学家，编史者
fresh," adj.新鲜的； 淡水的； 新的； 无经验的
adv.刚； 最新的
n.开始； 新生； 泛滥； 淡水流"
freshwater," adj. 淡水的，内河（航行）的
n. 淡水"
refresh," vt.& vi. 使...生气蓬勃,提起精神,恢复精神"
favor," [美]n. 好意,喜爱,偏爱,特权
vt. 给予,关心,偏爱,支持,利于,长得像"
explore," vt. &vi. 探险,探测,探究"
explorer, n. 探测者
exploration," n. 探险,踏勘,探测"
exploratory, adj. 勘探的，探索的
dweller, n. 居民
dwell," vi. 居住, 存在, 冥想, 详细阐述"
drought, n. 干旱
divide," vt.& vi.分； 划分； 分离； （使）产生分歧
n.分水岭，分界线； 分配"
decay," n. 衰退, 腐败
v. 衰退, 腐败"
copper," adj. (紫)铜色的,铜(制)的
n. 铜,铜币,铜制品"
coppersmith," n. 铜匠, 铜器制造人
n. 赤胸拟啄木鸟"
complicate," vt. 弄复杂, 使错综, 使起纠纷"
ceremony," n. 典礼,仪式,礼节,礼仪"
ceremonial," n. 仪式
adj. 正式的"
cast," n. 演员阵容, 投掷
v. 投, 掷, 抛"
brick," adj. 砖似的
n. 砖
v. 用砖围砌,用砖填补
vt. (up)用砖砌,用砖堵住"
visual," adj. 视觉的 n. 画面, 图象"
tube," n. 地铁,电子管,显像管,管,软管;电视"
tiny," adj. 极小的,微小的"
stretch," n. 伸展,张开
adj. 可伸缩的
vt. &vi. 伸展,张开,延伸"
sharp," adj. 刺耳的,锋利的,急剧的
adv. [时刻]正,准
夏普(财富500强公司之一，总部所在地日本,主要经营电子电气)"
refer," vt. 把…提交; 把...归因, 归类为
vi. 谈及, 咨询, 参考"
realism," n. 写实主义, 现实主义"
predict," v. 预知, 预言, 预报"
unpredictable, adj. 不可预知的
beneath," adv. 在下方
prep. 在下方,在...之下"
accompany," vt. 陪伴, 伴随，给...伴奏
vi. 伴奏"
animation," n. 活泼,有生气,卡通制作"
abundance," n. 丰富,充裕"
volume," n. 体积, 容量, 音量
n. 卷, 册"
predictable, adj. 可预言的
prediction," n. 预言, 预报"
opposite," adj. 相对的, 相反的, 对面的
n. 对立物，对立者，对手
adv. 在对面地，处于相反位置地
prep. 在...对面"
negative," adj. 否定的,负的,消极的
n. 底片，负数，否定
vt. 否定"
moral," adj. 道德(上)的,有道德的
n. 品行,寓意,道德"
modify," vt. 修改,调正,缓和
vi. 修改"
modification," n. 修正, 修饰, 修改"
Missouri, n. 密苏里(美国州名)
Mississippi," n. 密西西比(美国州名)
n. 密西西比河(美国河流名)"
investigation, n. 调查
investigator," n. 调查者, 研究者, 审查者"
investigate," vt. &vi. 调查,研究
[计算机] 研究"
inner," adj. 内部的,里面的,内心的
n. 里面,内部"
innermost," adj. 内心的, 最深处的
n. 最深处"
initial," n. (词)首字母
adj. 开始的, 最初的, 字首的
vt. 签姓名的首字母于"
graze," v. 放牧，（牛、羊等）吃草，
v. 轻擦，蹭
n. 放牧
n. 擦伤"
overgraze, vt. 使过度放牧
giant," adj. 巨大的
n. 巨人,伟人,巨大的东西"
generate," vt. 产生,发生,引起
[计算机] 产生"
derive," v. 得自, 起源, 引申于"
Dakota, n. 达科他人(语)
critical, adj.批评的，爱挑剔的； 危险的，危急的； 决定性的； [物]临界的
criticize," vt. 批评, 吹毛求疵, 非难
vi. 批评"
criticism," n. 批评,评论"
creature," n. 生物, 动物, 人"
consume," vt.  消耗，毁灭，吃，喝, 挥霍
vi. 耗尽生命, 被烧毁"
consumption, n. 消费
consumer," n. 消费者,用户, 消费品"
coarse," adj. 粗糙的,非精制的,粗俗的"
classical," adj. 古典的, 典雅的, 经典的"
barb," n. 倒钩
n. 尖刻、刻薄的言语
vt. 给...装倒钩"
Atlantic," adj. 大西洋的
n. 大西洋"
apart," adv. 分别地,分开地，有区别地
adj. 分开的，分离的"
anthropologist, n. 人类学家
agrarian," adj. 土地的, 耕地的
n. 平均地权论者"
stage," n. 阶段,舞台,驿站
v. 上演,表演,乘驿车旅行"
stagecoach," n. 驿马车,公共马车"
virtue," n. 美德,优点;贞操"
theme," n. 题目, 主题"
puzzle," n. 难题,迷惑
vt. 使困惑,解决
vi. 迷惑,苦思"
symbol," n. 符号, 标志, 象征"
symbolic," n. 代号
adj. 象征的, 符号的"
symbolism," n. 象征主义, 象征, 符号化"
signal," n. 信号,导火线,动机
vt. 发信号,标志
vi. 发信号
adj. 显著的"
seek," n. 找寻
v. 寻求,寻找,搜索"
sought," vbl. 寻找,搜索(seek的过去式和过去分词)"
saturate," v. 使渗透, 浸, 使饱和
adj. 浸透的, 饱度高的, 深颜色的"
random," n. 随意,任意
adj. 任意的,随便的,胡乱的
adv. 随机地"
pure," adj. 纯的, 纯洁的, 纯理论的, 抽象的, 完全的"
philosophy," n. 哲学,哲理"
philosopher, n. 哲学家，思想家，达观者
propose," v. 计划, 打算, 向...提议; 求婚"
Pennsylvania, n.宾夕法尼亚(美国州名)
overcome," vt. 战胜,克服,(感情等)压倒, 使受不了
vi. 获胜, 赢"
Ohio, n. 俄亥俄州
nutritional," adj. 营养的,滋养的"
nutrition, n. 营养
magnetic," adj. 有磁性的,有吸引力的,催眠术的"
magnetosphere, n. 磁气圈
justify," vt. 替...辩护,证明...正当
n. 对齐
[计算机] 调整"
investment," n. 投资,投入,投资额"
investor, n. 投资者
invest," vt.& vi.投资； 花费
vt.授予，使就职； 给…穿衣，装饰； 使充满； 覆盖"
interpret," v. 解释, 演出, 翻译
[计算机] 解释"
interpretation," n. 解释,演出,翻译,互動"
impression," n. 印象, 效果"
impressive, adj. 给人深刻印象的
Impressionism, n. 印象派，印象主义
impressionist," n. 印象主义者，印象派作家
adj. 印象派的"
impress," n. 印象,特徵,印记
vt. 使...有印象,影响,印刻,传送
vi. 给人印象"
imitate," v. 模仿
vt. 仿制,仿造,模仿,仿效"
imitation," n. 模仿,效法
adj. 假造的,冒充的"
imitative," adj. 仿制的, 模仿的"
glaze," v. 装以玻璃, 上釉, 变得光滑，变呆滞
n. 釉, 覆罩的一层"
geometric," adj. 几何学的, 几何学上的, 几何学图形的"
furniture, n. 家具
fail," vi. 衰退,失败,不及格
vt. 辜负,缺少,未能做
n. 不及格"
failure," n. 失败,失败的人或事"
formal," adj. 正式的,形式的,礼节上的,拘谨的
n. 正式(活动)"
formalize, vt. 使正式化
extract," n. 榨出物,精华,摘录
vt. 拔出,榨出,摘录,提取,选取
[计算机] 提取"
extraction," n. 抽出, 取出, 抽出物
n.血统"
entrance," n. 入口
v. 使出神,使入迷
vt. 使出神"
entry," n. 进入,入口,登记,项目"
enormous," adj. 巨大的, 庞大的"
engage,v. 啮合；雇用；聘用；吸引住（注意力、兴趣）；参与，从事
encourage," v. 鼓励,激励,支持
vt. 鼓励"
durable," adj. 耐用持久的
n. (复)耐用品"
crucial," adj. 关键的,决定性的"
molecule, n. 分子
molecular, adj. 分子的
conclusion, n. 结论
conclude," vt. 使结束, 缔结, 断定, 得出结论
vi. 结束, 作出决定"
conclusive," adj. 决定性的, 确实的, 最后的"
collectively, adv. 共同地，集体地，总体地
collection," n. 收藏品,收集物,小组,集合"
collectible," n. 收藏品
adj. 可收集的"
coal," n. 煤, 木炭, 运煤工
vt. 烧成炭,供应煤
vi. 装煤, 加煤"
charcoal," n. 木炭, 炭笔"
boom," n. 繁荣,低沉声,帆杠,水栅
vi. 发出低沉声,急速增长
vt. 回响,急速增加,有力地击打"
band," n. 带;箍,队,乐队
vt. &vi. 联合,结合"
awareness," n. 认识(了解,知道)"
aware," adj. 知道的, 意识到的"
ash," n. 灰, 灰烬"
archaeopteryx," n. 始祖鸟, 始祖鸟属"
archaeology, n. 考古学，古迹，文物
archaeologist, n. 考古学家
annual," adj. 每年的,年度的,一年生的
n. 年刊,年鉴,一年生植物"
annually," adv. 每年,年年
n. 每年"
Los Angeles, n. 洛杉矶(美国城市)
aesthetic," adj. 美学的,审美的,有美感的
n. (复数)审美观"
acid," adj. 酸的
n. 酸, 酸味物质"
acidic," adj. 酸的,酸性的"
account," n.账，账目； 存款； 记述，报告； 理由
vi.解释； 导致； 报账
vt.认为； 把…视作"
union," n. 联盟,结合,政党,工会,连接轴
adj. 联邦政府的,工会的"
unfortunately, adv. 不幸地
ultimately," adv. 最后,最终"
trap," n. 圈套,陷阱,困境,双轮轻便马车 
vt. &vi. 设圈套,设陷阱"
stream," n. (人,车,气)流,水流,组
vt. 流出,飘动
vi. 流动,飘动,接踵而来"
streamline," n. 流线, 流线型
v. 使...成流线型, 使...合理化"
subsequent," adj. 随后的,后来的"
stove," n. 炉子,火炉窑;烘房；【主英】温室
v. stave的过去式和过去分词"
severe," adj. 剧烈的, 严重的, 严峻的, 严厉的, 严格的"
severely," adv. 严重地(艰难地, 紧凑地, 纯朴地)"
schedule," n. 时间表, 一览表, 计划
vt. 安排, 计划, 预定, 编制目录"
satire," n. 讽刺文, 讽刺"
roof," n. 屋顶, 顶盖
vt. 给...覆以屋顶,覆盖"
reject," n. 被拒之人,不合格品,不及格者
v. 拒绝,驳回,丢弃"
rejection," n. 拒绝, 被弃, 被抛弃的实例"
progressively," adv. 渐进地, 逐渐地"
portrait," n. 肖像,画像
adj. (文件页面)竖的"
piano," n. 钢琴
adj. &adv. 轻柔的"
pace," n. 速度,步调,步法
vt. 踱步,调整节奏
vi. 缓慢地走"
nevertheless," adv. 仍然, 不过
conj. 然而, 不过"
nervous," adj. 紧张的,焦虑的,神经质的"
Neolithic, adj. 新石器时代的
molt," n. 换毛, 脱皮, 换毛期
v. 换毛，脱毛 
=moult(美)"
maria," 名词mare的复数形式
Maria: 玛丽亚(女子名)"
leadership," n. 领导, 领导才干"
height," n. 高度,高处,身高, 最高峰, 极点"
heighten," v. 增高,提高,加强"
gain," n. 增益, 获得, 利润
vt. 得到, 增进, 获利
vi. 增加, 得到, (钟, 表等)走得快"
fuel," n. 燃料,木炭
vt. 供以燃料
vi. 加燃料"
fluctuate," vi. 变动, 上下, 动摇
vt. 使动摇"
flood," n. 洪水,水灾
v. 淹没,溢出
vi. 大量涌到,泛滥
vt. 灌溉,淹没"
fiction," n. 小说,虚构"
fictional," adj. 虚构的, 编造的, 小说式的"
extra," adj. 额外的
adv. 特别地
n. 额外的事物，另外收费的"
drain," n. 下水道,排水沟,消耗
vt. 耗尽,排出,排干,喝光
vi. 变干,排出,排水"
drainage, n. 排水；排水系统；污水；排水面积
creative, adj. 创造性的
chain,"n. n. 链,连锁,束缚"
category," n. 种类, 类别"
attention," n. 注意(力),关心,立正"
arrangement," n. 安排,商议,整理"
arrange," vt. 安排,整理,计划,改编(乐曲)
vi. 协商,计划"
adjacent," adj. 毗连的,邻近的,接近的"
access," n.入口，出口； 接近，进入； 增长； 爆发
vt.接近，进入； 使用，接近，获取"
accessible," adj. 可得到的, 易接近的, 可进入的"
inaccessible," adj. 难接近的, 难达到的, 难达成的"
wheat," n. 小麦, 小麦色"
wagon," n. 四轮马车,货车
vt.& vi. 用四轮马车运"
voyage," n. 航行,旅程
vt.& vi. 航行,旅行"
voyager," n. 航行者, 航海者"
transition," n. 过渡,转变"
transit," n. 经过,运输
vt. 穿越,旋转
vi. 越过"
tract," n. 广阔的土地,地域,器官系统,宣传小册子"
thrive," vi. 兴旺,繁荣"
squeeze," n. 压榨,榨出的少量,佣金,经济拮据
vt. 紧握,挤压,使经济困难
vi. 让步,压迫,险胜"
scheme," n. 方案, 计划, 阴谋
v. 计画, 设计, 体系, 结构, 图谋"
revise," n. 校订, 修正, 再校稿
v. 校订, 修正, 校正"
respect," n. 尊敬, 敬重; 关系, 方面
vt. 尊敬, 尊重; 关于, 涉及"
repress," v. 抑制,压制,阻止"
pterosaur, n. 翼龙
positive," adj. 肯定的, 积极的, 绝对的
adj. 正面的, 正数的, 阳性的"
popularity," n. 普及,流行"
moderate," adj. 适度的, 稳健的, 温和的, 中等的
v. 节制, 使...稳定, 使...缓和
n. 稳健的人"
mill," n. 磨粉机, 磨坊, 制造厂, 密尔:一种货币单位
vt. 磨细
vi. 乱转, 磨细"
nerve," n. 神经(生物)，精神,勇气,叶脉
vt. 鼓起勇气"
journeyman, n. 熟练工人，计日工
jet," n. 喷气式飞机，喷射,喷出,黑玉大理石
vt. 射出，喷射
vi. 气流中喷出
adj. 煤黑色的"
handle," n. 柄,把手
vt. 买卖,处理,操作
vi. 驾驭"
inspire," vt. 影响，使...感动, 激发，煽动
vi. 吸入"
inspiration," n. 灵感,吸入,鼓舞人心(的东西)"
hatch," n. 孵化,舱口
vt. 孵,孵出
vi. 孵化，破壳"
gulf, n. 海湾
furthermore," adv. 而且, 此外"
flat," adj. 平坦的, 单调的, 扁平的
adv. 平直地, 干脆地
n. [英]公寓
vt. 变平
vi. 降调"
excavate," v. 挖掘, 挖开, 凿通"
enlarge," v. 扩大, 增大"
engrave, v. 雕刻
Dutch," adj. 荷兰的
n. 荷兰人"
distant," adj. 遥远的,疏远的，远房的，陌生的，远行的"
debris," n. 碎片, 残骸"
crude," adj. 粗鲁的,简陋的,天然的,未加工的
n. 原油"
control," n. 克制,控制,管制,操作装置
vt. 控制,掌管,支配"
confirm," v. 确定, 批准, 证实"
cone," n. 圆锥体,锥形物,球果
vt. 变成锥形,削尖"
cognitive," adj. 认知的,认识的,有认识力的"
clue," n. 线索
vt. 提示"
classify," v. 分类,归类,分等"
catastrophe," n. 大灾难,大祸,彻底失败"
border," n. 边缘
vt. 作...之疆界,加边"
barrier," n. 界线,屏障,障碍物
v. 以屏障隔开"
bare," adj. 赤裸的,显露的,极少的,仅仅的
vt. 使赤裸,露出"
award," vt.授予，奖给，判给； 判归，判定
n.奖品； （仲裁人、公断人的）裁定； （法院、法官的）判决； 裁定书"
assemble," vt. 聚集,集合,装配
vi. 集合, 聚集"
Antarctica, n. 南极洲
alternative," adj. 两者择一的; 供选择的; 非主流的
n. 替换物, 取舍"
alter, v. 改变
absence of, 缺少，没有
abandon," n. 放纵
vt. 放弃,遗弃,沉溺"
wherever," adv. 无论什么地方，在......的各个地方
conj. 无论在哪里"
whatever," pron.&amp;conj. 无论什么
adj. 不管怎样的
det. 不管什么,无论何事"
weapon," n. 武器, 兵器"
uniform," adj. 一致的,统一的
n. 制服
vt. 穿制服"
twig," n. 小枝, 嫩枝
v. 理解，领悟"
transfer," n. 迁移, 移动, 换车
v. 转移, 调转, 调任"
terrain," n. 地带,地域,地形"
terra," n. 土, 土地, 地球"
supplement," n. 补充物,增刊
vt. 补充,增补"
superior," n. 上级,高手,上标
adj. 上层的,上好的,出众的,高傲的"
superiority," n. 优越性, 优势"
suit," n. 套装, 诉讼, 请求
v. 适合, 取悦, 满足"
substantial," n. 重要部份, 本质
adj. 大量的, 实质上的, 有内容的"
struggle," n. 竞争,努力,奋斗
v. 努力,奋斗,挣扎"
stem," n. 茎,干,船首,词干,血统
vt. 堵住,阻止,抽去梗
vi. 起源于,发生"
spiral," n. 旋涡, 螺旋形之物
adj. 螺旋形的, 盘旋的
v. 成螺旋状下降或上升, 成螺旋状旋转"
speculation," n. 沉思, 推测, 投机"
speculate," vt. 推测,好奇
vi. 深思,投机"
spear," n. 矛(正负电子对撞机)
vt 用矛刺"
specimen," n. 样本,标本"
slope," n. 倾斜,斜坡,斜面,斜线
vt. 使倾斜
vi. 倾斜,有坡度"
sink," n. 接收端,沟渠,污水槽,散热器
vi. 下沉,下落,陷于,倾斜,恶化,渗透
vt. 下沉,陷于,倾斜,减少"
shrub," n. 灌木
n. 果汁甜酒"
selection," n. 选择,挑选,挑选出来的人或事"
seal," n. 印章, 封条, 海豹
v. 盖印, 封闭, 猎海豹"
sandstone, n. 砂岩
realist, n. 现实主义者，唯实论者
realistic," adj. 现实的, 现实主义的"
psychological, adj. 心理(学)的
psychologist, n. 心理学家
primate," n. 灵长目动物
n. (常大写)首席主教"
precede," vt. &vi. 在...之前,优于,较...优先"
possess," v. 持有,克制,为...着迷"
originate," vt. 发起
vi. 开始
[计算机] 起始"
originator," n. 创始人, 发起人"
orchid," n. 兰花,淡紫色"
orchestra, n. 管弦乐队
orchestral, adj. 管弦乐的，管弦乐队的
oppose," vt. 反对,以...对抗,抗争"
nutrient," adj. 营养的,滋养的
n. 营养物,营养品"
nutritious," adj. 有营养成份的,营养的"
nucleus," n. 核,核心,细胞核,原子核"
molten," adj. 熔化的,炽热的,铸造的
vbl. 融化,溶解,变软"
moisture," n. 潮湿,湿气"
moist," adj. 潮湿的, 湿润的
(果物)多汁的
[医]有分泌物的, 湿性的
n.潮湿"
miss," n.（用于姓名或姓之前，对未婚女子的称呼）小姐； 女士； 失误
v.漏掉； 错过（机会）； 思念； 没遇到"
mirror," n. 镜子
vt. 反映,反射"
mechanize," vt. 使机械化, 用机械操作"
mechanical," adj. 机械的,力学的,呆板的   
n.(供制版用的)样书, 版面设计"
maximum," n. 极点, 最大量, 极大
adj. 最高的, 最大极限的"
lip, n. 嘴唇
intrigue," n. 阴谋,复杂的事,私通
vt. 欺骗,激起...的兴趣
vi. 密谋"
igneous," adj. 火的, 似火的, [地质]火成的"
hypothalamus," n. [医]丘脑下部, 下丘脑"
herd," n. 兽群,人群,牧人
vt. 群集,使...成群,放牧
vi. 聚在一起"
hence," adv. 今后, 从此, 因此, 所以"
firm," n. 商行,公司
vt. (使)变得坚实,定案
vi. 变硬,恢复
adj. 坚定的,坚固的,结实的
adv. 稳固地,坚定地"
firmly, adv. 牢牢地
fireplace, n. 壁炉
figurine," n. 小塑像, 小雕像"
falcon, n. 猎鹰
extent," n. 广度,宽度,长度,大小,范围,范围,程度
n. [律]&lt;英&gt;扣押, &lt;美&gt;临时所有权令"
slide," n. 滑,幻灯片,雪崩,山崩,滑坡,滑梯
vt. 使滑
vi. 滑,跌落"
shallow," adj. 浅的, 肤浅的, 浅显易懂的
n. (pl.)浅滩, 浅处
v. 变浅"
sensitive," adj. 敏感的,灵敏的,易受伤害的,感光的,善解人意的 
n. 敏感的人"
sensitivity," n. 敏感, 多愁善感, 感受性"
hypersensitive, adj. 过份敏感的
scrub," n. 用力擦洗,矮树,渺小之物
vt.& vi. 用力擦洗"
scent," n. 气味,香味,痕迹
vt. 闻出,发觉,使充满味道,得到...的暗示
vi. 嗅闻,循着遗臭追踪,散发气味"
routine," n. 例行公事, 常规，无聊
adj. 常规的, 例行的，乏味的"
resilience," n. 跳回(回弹,弹力,弹性变形,冲击值)"
relief, n.宽慰，安心； 免除，减轻； 救援物资； 代班人
reindeer, n. 驯鹿
reef," n. 暗礁, 收缩帆部份"
reality," n. 现实,实际,真实"
radically," adv. 根本地, 完全地，过激地"
propulsion," n. 推进, 推进力"
pride," n. 高傲,自豪,自尊,一群狮子
vt. 以...自豪"
outlet," n. 出口, 出路, 通风口, 批发商店"
opponent," n. 对手, 敌手, 反对者
adj. 敌对的, 反对的"
mode," n. 方式,样式,模式,风格,时兴
[音乐] 调式"
mine," pron.(I的所有格)我的（东西）
n.矿； 矿井； 地雷； 水雷
vt.& vi.在…中开采，开采
vt.在…中[下]布雷； 以地雷[水雷]炸毁"
mathematical, adj. 数学的，精确的，可能性极小的
mammoth," n. 长毛象
adj. 长毛象似的, 巨大的"
lunar," adj. 月亮的,阴历的,银的"
precise," adj. 精确的,准确的,认真的"
postal," adj. 邮政的
n. [美]明信片"
polar," adj. 两极的,南辕北辙的,极地的
n. 极线,极性"
platform," n. 平台,月台,讲台,坛,计划"
pent," adj. 被关押的，被禁锢的
动词pen的过去式和过去分词形式"
outline," n. 大纲,轮廓,概要,略图,素描
vt. 描画轮廓,描述要点"
literary, adj. 文学的
leaf," n. 树叶,页,活动桌板,花瓣
vt. 翻页
vi. 长叶子,翻页浏览"
leafy," adj. 叶茂盛的, 多叶的, 叶状的"
lava," n. 熔岩, 火山岩"
laboratory," n. 实验室, 实验大楼"
intermediate," adj. 中级的,中间的
n. 中间体,媒介物, 调解人
vi. 调解, 干涉"
institute," n. 学会,学院,协会
vt. 创立,开始,制定"
institution," n. 机构,惯例,创立"
inhibit," vt. &vi. 禁止,抑制
[计算机] 禁止"
impart," vt. 传授, 赋予, 告知"
harsh," adj. 粗糙的, 使人不舒服的，刺耳的, 严厉的，大约的"
harmful, adj. 有害的
harm," n. 伤害
vt. 伤害"
hall," n. 大厅, 礼堂"
guarantee," n. 保证(书), 担保(书)
n. 担保人; 抵押品
vt. 保证, 担保"
gratify," v. 使满足，使高兴
v. 酬劳，回报"
geographical," adj. 地理的,地理学的
=geographic"
geographer, n. 地理学者
gallery," n. 美术馆, 画廊, 顶层楼座, 狭长的房间"
furnace," n. 炉子,熔炉,闷热地带,严峻考验"
fungus," n. 真菌, 霉菌
（复数为funguses或fungi)"
frustration," n. 打破,挫折,顿挫
[计算机] 失败"
foundation, n. 基础；地基；基金会；根据；创立
fairground, n. 游乐场
expedition," n. 远征,探险队,迅速"
exert," vt. 运用, 施加（压力，影响等）"
exactly," adj. 完全的
adv. 恰好地,正好地,正确地,精确地,正是"
exact," adj. 精确的
vt. 强求,要求,索取"
enzyme, n. 酶
eddy," n. 逆流, 漩涡
v. 起漩涡"
eager," adj. 渴望的, 热切的"
fir," n. 枞树, 枞木"
costume," n. 服装,剧装
vt. 提供服装, 为...设计服装
adj. 服装打扮的"
constituent," n. 成份,选民,构成物
adj. 构成的,组织的,有提名权的"
conservation," n. 保存, 防止流失, 守恒, 保护自然资源"
conservative," adj. 保守的,守旧的
n. 保守派(党),保守的人"
congress, n. 国会；代表大会；会议；社交
concur," v. 意见相同, 一致, 互助"
compact," adj. 紧凑的,紧密的,简洁的
v. 使装满,使简洁"
colleague, n. 同事
diver, n. 跳水者，潜水员
dive," n. 潜水,跳水
vt. 跳水,俯冲
vi. 把...伸入"
dimension," n. 尺寸, 次元, 容积, 维度
n. 范围; 方面
vt. 标尺寸; 形成...尺寸"
dig," v. 挖, 翻土"
density," n. 密集,密度,透明度"
cuneiform," adj. 楔形的, 楔形文字的
n. 楔形文字，楔形骨"
countryside," n. 乡下, 农村"
bulb," n. 电灯泡,球状物"
beside," prep. 在...旁边,与…相比"
bay," adj. 红棕色
n. 红棕色,隔间,配电间,犬吠,围困,海湾,月桂树,名望
vi. 嗥叫
vt. 吼叫着追赶或进攻,哀号,把...围困住"
attribute," n. 属性, 特征; 标志, 象征
vt. 归于, 属于"
artwork, n. 艺术品，美术品，(总称）插图
artificial," adj. 人造的,虚伪的,武断的"
apartment, n. 一套公寓房间
amusement," n. 娱乐, 消遣"
circumstance," n. 环境,(复数)境况,事件,详情"
circumscribe," vt. 在...周围画线, 限制"
circular," adj. 循环的,圆形的
n. 传单,通报"
circulation," n. 流通,循环,发行量,消息传播"
chief," adj. 主要的, 首席的
n. 首领"
centimeter, n. 厘米，公分
burst," n. 破裂,阵,爆发
vt.&vi. 爆裂,突发"
brush," n. 刷子,画笔,轻擦,小冲突, 灌木丛
vt. 用刷子清洗,画,拭去,打发
vi. 轻擦,拂拭"
advocate," vt.提倡； 拥护； 鼓吹； 为…辩护
n.（辩护）律师； 提倡者； 支持者"
adverse, adj. 不利的；有害的；反面的
administration," n. 行政,管理,中央政府"
acre, n. 英亩
acreage," n. 土地的面积, 英亩数"
wolf, n. 狼
welfare," n. 福利,社会保障,幸福
adj. 福利的"
weigh," vt. 权衡；考虑；称…重量
vi. 重量为…；具有重要性；成为…的重荷；起锚
n. 权衡；称重量"
vertical," adj. 垂直的,顶点的,纵向的
n. 垂直物, 垂直的位置"
velocity," n. 速度, 速率, 迅速"
utilize, vt. 利用
utility," n. 公共设施,效用,公用程序,实用品,实用
adj. 多效用的，多功能的"
twist," n. 卷曲物,旋转,扭曲,曲解,转折(体)
vt. 拧,缠绕,扭(曲)
vi. 蛇行,变形,转"
ultraviolet," adj. 紫外线的
n.紫外线"
trillion," n. 万亿, 大量, 兆
adj. 万亿的, 兆的"
toxic," adj. 有毒的
n. 有毒物质"
tourist," adj. 旅游的
n. 旅游者,观光者"
tourism," n. 旅游业,观光,游览"
tornado," n. 飓风,旋风,龙卷风"
trappings," n. 服饰, 装饰, 外部标志
名词trapping的复数形式"
tale," n. 叙述,传说,故事"
suspend," v. 推迟,悬(浮),挂,暂停,取消
vi. 吊,悬浮
vt. 悬,挂,吊,暂停,中止"
subtle," adj. 微妙的,敏感的,精细的,狡诈的,不明显的"
studio," n. 工作场所,画室，照相室，制片厂"
strand," n.（绳子的）股，绞； 海滨，河岸； （思想等的）一个组成部分
vt.使滞留，使搁浅； 使陷于困境
vi.搁浅； 陷入困境"
staple," n. 主要产物(要素),原料(地),U形(订书)钉
adj. 主要的,重要的
vt. 用订书机装订"
section," n. 零件,部分,章节,区域,部门,路段,断面
vt. 划分,切开
vi. 划分"
secret," adj. 秘密的,机密的
adv. 秘密地
n. 秘密"
sap, n.树液；精力  v. 使虚弱；削弱；逐渐破坏
sacrifice," n. 牺牲,供俸,祭品
vt. 牺牲,祭祀,贱卖
vi. 献祭,(棒球)作牺牲一击"
reward," n. 报酬,报答,赏金
vt. 给...报酬,奖赏"
review," n. 检讨, 复习, 回顾, 评审
vt. 温习, 检讨, 评论, 检阅
vi. 写评论"
restoration," n. 恢复, 归还, 复位"
reserve," n. 预备品, 贮存, 候补
n. 克制, 含蓄
vt. 保留, 预订, 延期"
relic," n. 神圣的遗物, 遗迹, 纪念物"
reliable," adj. 可靠的,可信的"
reel," n. 卷筒,线轴
vi. 蹒跚地走,旋转,骚乱,退缩,摇晃
vt. 卷,卷...于轴上, 旋转"
query," n. 疑问,疑问号,质问
vt. 询问,表示怀疑"
punishment, n. 惩罚
proof," adj. 防...的,耐...的,能防护
n. 校样,证据,证明
vt. 检验,给...做防护措施"
prominent," adj. 杰出的,显著的,突出的"
procedure," n. 程序, 手续, 步骤; 常规的做法"
prevalent," adj. 流行的, 普遍的"
predominantly," adv. 优越地,卓越地,主要地"
predecessor," n. 前辈, 前任, 原有事物"
potassium, n. 钾
phenomenon," n. 现象, 非凡的人或事物"
phenomena, n. 现象
Persian," adj. 波斯的(波斯人的)
n. 波斯(波斯人)"
perception," n. 感知, 认识, 观念"
nut," n. 坚果,螺母, 螺帽,难对付的人(事)
vi. 采坚果"
notation," n. 记号法,表示法,注释
[计算机] 记法"
motive," adj. 发动的,运动的,积极的,动机的
n. 动机, 主题
vt. 促使, 使有动机"
motivation, n. 动机
motivate," v. 给与动机,刺激,提高...的学习欲望"
niche," n. 壁龛；合适的职业；商机，有利可图的市场(或形势等)；
vt. 放入壁龛"
merely," adv. 仅仅,只不过"
meadow," n. 草地, 牧场"
marvel," n. 奇异的事物, 罕见的例子
v. 惊异于, 惊异"
manifest," n. 载货单,运货单,旅客名单
adj. 显然的,明白的
vt. 显示, 证实, 出示"
manifestation," n. 显示,证明,示威运动"
makeup," n. 组成(接通, 补给, 修理), 化妆品"
magma, n. 岩浆，糊剂
luxury," n. 奢侈, 豪华, 奢侈品"
legitimate," adj. 合法的, 正当的, 合理的, 世袭的
vt. 使合法, 授权, 宣布...为合法"
leather," adj. 皮革制的
n. 皮革
vt. 用皮革覆盖, 鞭打"
latent," adj. 潜伏的,潜在的
n. 隐约的指印, 指纹"
intricate," adj. 复杂的,错综的,缠结的,难懂的"
interview," n.  面谈,访问,接见
vt. 接见,对...进行面谈(试)
vi. 面试, 采访"
intend," v. 打算
vt. 想要,打算,计划"
intent," n. 意图,目的,意向, 含义
adj. 专心的,决心的,热心的"
integral," adj. 构成整体所必需的,完整的
n. [数学] 积分, 完整, 部分"
instruction," n. 说明,须知,指令,教学"
instructive, adj. 教育性的，有启发的，有益的
initiate," n. 创始人
adj. 新加入的
vt. 开始,创始,启蒙,介绍加入"
intention," n. 意图,意向,目的"
inform," vt.通知； 使活跃，使充满； 预示
vi.通知； 告发"
imagine," vt. 想像,幻想,猜测
vi. 想像起来,认为"
imagination," n. 想象,想象力,空想"
imaginary," adj. 想象的, 虚构的"
illumination," n. 照明, 阐释, 启发"
humidity," n. 湿度, 湿气"
hollow," n. 洞, 窟窿, 山谷
adj. 空的, 虚伪的, 空腹的
vt. 形成空洞, 挖空
vi. 形成空洞
adv. 有闷哑声, 完全地"
herb," n. 药草, 香草"
gull," n. 鸥
n. 易受骗之人
vt. 诈欺, 骗"
greedy, adj. 贪婪的
gray," n.灰色； 灰马； 灰色颜料； 暗淡的光线
adj.灰色的； 灰白头发的； 阴暗的； （指脸因恐惧、生病等）苍白的
v.（使）变灰色
vi.成为灰色或灰白"
gravitational, adj. 重力的，引力作用的
gravel," n. 碎石
v. 铺碎石, 使困惑"
float," n. 漂流物,装有轮子的展台或平板车,企业的日常零钱
vt. 使漂浮,提出,开办新公司,洽谈
vi. 漂浮,游荡,飘"
flask," n. 细颈瓶, 烧瓶, 小水瓶"
fantasy," n. 幻想
v. 幻想"
external," n. 外部
adj. 外部的,外用的,客观的,表面的"
exterior," n. 外部, 表面, 外型
adj. 外部的, 外在的, 表面的
[计算机] 外部的"
expert," adj. 熟练的,内行的
n. 专家,能手
vi. 当专家"
evergreen," adj. 常绿的
n. 常绿树, 常绿植物
(复数）evergreens: 常绿树枝条"
eruption," n. 爆发,喷发，出疹，长牙"
elsewhere," adv. 在别处, 到别处"
elliptical, adj. 椭圆的，省略的，简要的
ease," n. 安乐,安逸,悠闲
vt. 使...安乐,使...安心
v. 减轻,放松"
droplet, n. 小滴，飞沫
domesticate," vt. 驯养, 使专注于家务, 教化
n. 家禽，(家养)植物"
disturb," vt. &vi. 扰乱,妨碍,使...不安"
undisturbed," adj. 未受干扰的，安静的, 镇定的"
disturbance," n. 扰乱,骚动"
distort," vt. 变形,扭曲,歪曲
vi. 歪曲"
disgust," n. 厌恶,嫌恶
vt. &vi. 令人厌恶"
depletion," n. 消耗,罄尽,放血"
deplete," vt. 耗尽,使...空竭"
decipher, vt. 译解
cure," n. 治疗,治愈,治疗法
vt. &vi. 治疗,治愈,改正"
criterion," n. 标准, 准则"
context," n. 上下文, 环境,背景"
confuse," vt. 混乱,狼狈,困惑"
confusion," n. 混乱,混淆,不确定状态"
compress," vt. 压缩, 压榨
n. [医]敷布"
closet," n. 壁橱,衣帽间
adj.（用于名词前）隐藏（身分等）的；不公开（个人信息）的
vt. 把…关在房间里（尤指为了私下会谈或避免他人打扰）"
carpenter," n. 木匠
v. 做木工活"
career," n. 生涯, 职业, 事业
vi. 猛冲, 飞跑
vt. 在...中急行"
calculate," vt. 计算,估计,考虑,推测
vi. 计算,预测,依赖"
calculation, n. 计算
bureau," n. 局, 办公处"
bombard, v. 炮击
compression," n. 压缩, 压榨, 缩小"
beach," n. 海滩
v. 拖(船)上岸
vt. 使船冲上滩"
backup," n. 后备,后备"
backbone," n. 脊椎, 志气"
autonomous, adj. 自治的
automatically," adj. 不经思索的
adv. 自动地"
attentive," adj. 注意的, 留意的"
attach," v. 附上, 系上, 贴上, 使依恋"
attachment," n. 附件, 附著, 附属物, 依恋, 忠诚，依赖
[法律]扣押令"
aristocrat, n. 贵族，有贵族气派的人，最优秀者
aristocracy," n. 贵族,贵族社会,高级知识份子"
arc," n. 弧,弧形物
vi. 形成电弧,按弧形轨迹行进"
analogy," n. 相似,类似，类比"
alpine," adj. 高山的, 阿尔卑斯山的"
alkali, n. 碱
advertise," vi. 登广告
vt. 为...做广告, 宣传"
advertisement, n.&amp;adv. 广告
admire," vt. 钦佩, 羡慕, 赞美"
weave," n. 编法, 织法, 编织
v. 编织, 组合, 编排"
workshop," n. 车间, 工场, 研讨会, 讲习班"
vulnerable," adj. 易受伤害的, 有弱点的"
violent," adj. 暴力的,猛烈的,极端的,曲解的"
vase, n. 花瓶
trolley,n. 电车
tribal," adj. 部落的, 种族的"
trance," n.  恍惚, 昏睡状态，出神，发呆
v. 使恍惚, 使狂喜，使出神"
trample," n. 踩踏
v. 践踏, 轻视"
thrust," n. 推力,刺,力推
vt.& vi. 插入,推挤,刺"
thread," n. 线,纤维,思路,线索, 螺纹
vt. 穿线于,穿过,成线, 遍布
vi. 小心地通过, 蜿蜒前进, 滴下成丝状"
tendency," n. 趋势,倾向"
telescope," n. 望远镜
v. 缩短, 压缩"
target," n.（服务的）对象； 目标； （射击的）靶子； 目的
vt.瞄准； 把…作为攻击目标"
tannin, n. 单宁酸
tactic," n. 战略,策略
adj. 战术的,有策略的"
synthetic," adj. 综合的,合成的,人造的
n. 人工制品"
switch," n. 开关, 电门，闸，转换器,
vt. &vi. 鞭打，转轨，交换，突然转变, 摆动，接通或切断…电流"
substitute," n. 代替者,代用品
v. 代替
vi. (for)代替
vt. 用...代替,代以"
stimulus," n. 刺激, 激励, 刺激品"
squash," n. 壁球,摺皱不堪,拥挤嘈杂的人群,浓缩果汁,美国南瓜 
vt. 压扁,压制 
vi. 变扁,压榨"
solve," v. 解答(难题),解决
vt. 解答,解决"
solo," n. 独奏,独唱
adj. 单独的
adv. 单独地
vt. &vi. 放单飞, 单独表演"
solitary," adj. 孤独的,独立的,荒凉的
n. 隐士,"
slip," vi.滑，滑脱； 犯过失，出错； （时间）不知不觉地过去； （健康状况等）变差
vt.使顺利滑动； 摆脱； 放松，松开
n.跌倒，失足； 纸条； 失误，口误； 事故
adj.滑动的； 可拆卸的； 打有活结的"
simplify," v. 简化, 使单纯
vt. 简化"
silica, n. 硅石，矽土
scatter," n. 散布, 零星少量
vt. 驱散, 散播
vi. 分散, 消散"
silent," adj. 安静的,不吵闹的,沉默的,无言的
n. (复数)默剧"
shelf," n. 架子,搁板(状物),岩棚"
separation," n. 分离, 分居, 缺口"
seldom," adv. 很少
adj. 很少的"
secure," adj.安全的； 牢固的； 有把握的； 安心的
vt.保护； （使）获得； 使安全； 担保
vi.获得安全，变得安全； 安全，保险； 承保，担保； [航海学]停止工作"
scratch," n. 抓痕,抓的声音,乱写
vt. &vi. 搔痒,抓,抹掉
adj. 使皮肤发痒的，潦草的"
score," n.得分； 分数； 总谱； 20个
v.得分； 记分； 评分； 获得胜利"
satiric," adj. 讽刺的,挖苦的"
sandy," adj. 沙的, 沙地的, 多沙的
     沙色的
     不稳固的"
resolution, n.决心； 解决； 坚决； 分辨率
resolve," n. 决定之事,决心,坚决
vt. 决定,解决,分离,表决
vi. 分离,决定"
repeat," n. 重复,反复
vt. 重复,复述
vi. 重复
adj. 重复的,反复的"
refuse," n.废物,垃圾
vt. &vi. 拒绝
adj. 无用的"
rancher," n. 大牧场工人, 大牧场主"
ranch, n. 牧场
railway," n. 铁路
v. 由铁道运输"
quilt," n. 被子,被状物
vt. 缝被, 缝制, 用垫料填塞
vi. 制作被子, 做缝制工作"
pump," n. 抽水机, 打气筒, 心脏, 抽水, 轻软舞鞋
vt. 抽水, 打气, 用泵输送, 盘问, 涌出
vi. 用泵抽水, 快速上下(或内外)运动"
protein," adj. 蛋白质的
n. 蛋白质"
proponent," n. 建议者,支持者"
pronounce," vt.& vi. 发音,宣告,断言,发表意见"
promise," n. 诺言, 约定, (有)希望，预示
v. 允诺, 约定, 预示, 有可能"
prolific," adj. 多产的, 作品丰富的"
profound," adj. 极深的,深奥的,深厚的,严重的"
prime," adj. 最初的,首要的,最好的，典型的
n. 青春,壮年,全盛时期
vt. 事先指点,在（金属、木材等上）打底漆 
vi. 变得首要"
primal," adj. 最初的, 原始的，最主要的，根本的"
presentation," n. 陈述, 介绍, 赠与
n. [美]讲课, 报告"
precipitation," n. 坠落, 沉淀, 凝结; 冰雹"
precious," adj. 宝贵的,珍贵的,矫揉造作的
adv. 极其地"
prairie, n. 大草原
pond," n. 池塘
vt. 堵河成湖
vi. 形成池塘"
pile," n. 堆,桩,大量,核反应堆
vi. 形成堆,拥挤进入
vt. 堆积,装载"
phonograph," n. 留声机,电唱机,蜡管留声机
v. 灌入留声机"
penicillin, n. 青霉素
penetrate," vt. &vi. 穿透,渗透,看穿"
pack," n. 包裹,一群,一副,一帮,一群
vt. 包装,捆扎,塞满, 收拾行李， 佩戴
vi. 包装，（用某物）保存，保藏 ,塞进"
oxide, n. 氧化物
overall," adj. 全部的, 全体的, 一切在内的
adv. 总的来说, 全部地
n. 防护服，罩衫"
ornament," n. 装饰,装饰物
vt. 装饰"
ornamental," adj. 装饰的
n. 装饰品"
odd," adj. 奇数的,古怪的,剩余的
. 奇数"
obstacle," n. 障碍,绊脚石"
observe," v. 观察, 遵守, 注意到"
observer, n. 观察者
neutral," adj. 中立的,中性的
n. 中立者,空挡的,素净色"
mystery," n. 神秘,秘密,神秘的人或事物"
mysterious," adj. 神秘的,不可思议的"
military," adj.军事的；军用的；讨厌的；好战的
n.军人；军队；武装力量"
metropolitan," n. 大都市的居民,大主教,母国的居民
adj. 大都市的,大主教区的,母国的"
meteoric," adj. 流星的, 昙花一现的，大气的"
marble," adj. 大理石的,冷酷的
n. 大理石
vt.使有大理石的花纹"
liter," n. 升, 公升(容量单位)
=litre(英)"
linen," n. 亚麻布,亚麻线,亚麻制品
adj. 亚麻布制的,亚麻的"
leisure," n. 闲暇；空闲；安逸
adj. 空闲的；有闲的；业余的"
laser, n. 激光
kettle," n. 水壶,坑穴"
interval," n. 间隔,休息时间, (数学)区间, (音乐)音程"
instinctive," adj. 本能的, 天性的，直觉的"
instinct," n. 本能, 天性, 直觉"
incubate," v. 抱,孵,培养
v. 孵蛋,筑巢,孵化"
incubator," n. 孵卵器,细菌培养器,早产儿保育器"
incise, vt. 切入，切割，雕刻
impose," vi. 利用；欺骗；施加影响
vt. 强加；征税；以…欺骗"
implement," n. 工具, 器具; 当工具的物品
vt. 实施, 执行; 向...提供工具(或手段)"
ignore," vt. 不顾,不理,忽视"
humorous," adj. 幽默的, 诙谐的"
homestead," n. 家园, 田产"
grant," vt.承认； 同意； 准许； 授予
n.拨款； 补助金； 授给物（如财产、授地、专有权、补助、拨款等）
vi.同意"
fund," n.基金； 储备； 现款； 特别基金管理机构
vt.积存； 为…提供资金； 提供资金偿付（债款等）的本息； 把（短期借款）转为有固定利息的长期借款"
frighten," v. 使惊吓, 惊恐"
foster," adj. 收养的,养育的
v. 养育,抚育,培养
n. (Foster)人名；(英、捷、意、葡、法、德、俄、西)福斯特"
fold," vt. 折叠；合拢；抱住；笼罩
n. 折痕；信徒；羊栏
vi. 折叠起来；彻底失败"
flour," n. 面粉
vt. &vi. 研成粉末"
fin," n. 鳍,鱼翅,鳍状物,散热片,五元纸币
vt. 装上鳍片
vi. 露鳍于水面,拍动鳍, 象鱼一样游泳"
fingerboard, n. 键盘(指板)
exploit," n. 功绩,勋绩
vt.&vi. 开发,利用,开拓"
erect," adj. 直立的,竖立的,笔直的
v. 竖立,使...直立,建筑"
equivalent," adj. 等价的, 相等的
n. 相等物"
enterprise," n. 企业,企划,进取心"
election, n. 选举
elect," n. 当选人, 被选的人, 上帝的选民
adj. 被选的, 选出的
v. 选举, 选择"
displace," v. 移置, 替换"
direct," adj. 笔直的,直接的,坦白的
vt. 指挥，命令，负责
vi. 指导，指出"
directional, adj. 方向的
devote," vt. 投入于,献身"
determination," n. (正式)决定,规定,决心,测定, 定位"
deliberate," adj. 故意的,深思熟虑的, 从容不迫的
vi. 仔细考虑
vt. 研讨"
deficiency," n. 缺乏,不足,缺点"
defend," vt. &vi. 防护,辩护,防卫"
curve," n. 曲线,弯曲,曲球
vt. 使...弯曲
vi.弯曲"
cord," n. 绳索,束缚
vt. 用绳索绑"
coral," adj. 珊瑚(色)的
n. 珊瑚"
controversial," adj. 引起争论的,有争议的"
controversy," n. (公开的)争论,争议"
dense," adj. 不易看透的, 密集的, 浓厚的, 愚钝的"
committee, n. 委员会
collision," n. 碰撞, 冲突"
cluster," n. 串,丛,群
v. 聚合,成串,丛生,使...聚集"
cliff," n. 悬崖, 峭壁"
cargo," n. 船货, 货物"
capture," n. 抓取,战利品,捕获之物
vt. 抓取,获得,迷住"
calendar," n. 日历,月历,日程表
vt. 进入日历"
calcium, n. 钙
butter," n. 黄油,阿谀奉承
vt. 涂黄油"
blow," n. 吹；打击；殴打
vi. 风吹；喘气
vt. 风吹"
bit," n. 一点儿,少量
n. 钻头,马嚼子,辅币
n. 位,比特(二进位制信息单位)
v. 控制"
biography, n. 传记
battle," n. 战斗,争论
vt. &vi. 与...作战;与...斗争"
basalt, n. 玄武岩
assert," vt. 主张,声明,断言"
array," n. 数组,(陈)排列,大批,一系列
vt. 排列,布署,打扮"
antibiotic," adj. 抗菌的
n. 抗生素"
affection," n. 慈爱,爱,感情"
accustom, v. 使...习惯
abstract," n. 摘要,抽象的东西
adj. 抽象的,理论的
vt. 移除,摘要,偷
vi. 做摘要"
witness," vt. 目击,见证, 出席, 观察, 经历
n. 目击者,证人
vi. 为(宗教信仰)做见证, 证明"
ward," n. 守卫, 监护, 病房, 行政区, 由监护人或法院保护的人（尤指儿童）
vt. 守护, 躲开"
vehicle," n. 传播媒介, 工具, 手段, 交通工具, 车辆;"
unity," n. 个体, 一致, 结合"
unit," n. 单位, 单元"
tunnel," n. 隧道,地下道
v. 挖隧道"
tremendous," adj. 巨大的, 惊人的"
translucent, adj. 半透明的
tongue," n. 舌头,语言,口条,语言,说话方式
vt. 舔,闲谈,斥责
vi. 吹乐器"
thoroughly, adv. 彻底地
temporary," adj. 暂时的,临时的
n. 临时工"
temporarily," adj. 临时的
adv. 暂时地,临时地"
tectonic," adj. 筑造的，建筑的，构造的
【地】地壳构造的"
systematic," adj. 有系统的, 分类的, 体系的"
swept, 动词sweep的过去式和过去分词形式
surpass," vt. 超越,凌驾,胜过"
sulfur," n. 硫
vt. 用硫处理液化"
sulfuric," adj. [化] 硫磺的, 含硫的"
strike," n. 罢工, 打击, 殴打
v. 打, 撞, 罢工, 划燃"
statistic, n. 统计数值
sponsor," n. 保证人, 赞助者
v. 发起, 赞助"
spinal," adj. 针的, 尖刺的, 尖刺状突起的
adj. 脊骨的, 脊髓的"
spectacular," adj. 壮观的, 令人惊叹的
n. 惊人之举, 壮观的表演或影视作品"
span," n.共轭（马、骡）； 跨度，墩距； 一段时间； [航] 跨绳
vt.缚住或扎牢； 跨越时间或空间； 以掌测量； 以手围绕测量类似测量"
slab," n. 平板, 厚的切片
v. 切成厚板, 以平板盖上"
senate," n. 参议院,上议院"
segment," n. 部分
v. 部分,段,分割
vt. 分割"
secrete," v. 隐秘, 隐藏, 隐匿
v. 分泌"
rhythm," n. 节奏,韵律"
relevant," adj. 相关的, 切题的, 中肯的"
reasonable," adj. 合理的,有道理的,适度,通情达理的
adv. 合理地"
realm," n. 王国,领域"
rail," n. 栏杆,铁轨,扶手
vt. 以横木围栏,铺铁轨
vi. 责骂, 抱怨"
putrefy, v. 使腐烂
presumably," adv. 推测上,假定上,大概"
postage," n. 邮费, 邮资已付邮戳"
poetry, n. 诗歌
pipeline," n. 管道, 管线"
peripheral," adj. 不重要的,外围的
n. 外围设备"
periphery," n. 周边(边缘,圆周,圆柱体表面)"
orbit," n.势力范围, 眼眶, 轨迹
vt. 绕轨道而行, 进入轨道
vi. 盘旋"
optimal," adj. 最佳的, 最理想的"
notion," n. 观念,想法,主张"
mule," n. 骡子,固执的人，走私毒品者"
mound," n. 土墩, 堤, 小山
v. 筑堤, 用土堆防卫"
monument," n. 纪念碑,历史遗迹"
monumental," adj. 纪念碑的，作为纪念的, 不朽的"
mold," n. 模子,模型,类型,模式,雏型,真菌,软土
vt. 形成,形成,制模,发霉
vi. 符合形状,发霉"
pebble," n. 鹅卵石
n. 水晶, 水晶透镜
v. 用卵石铺,用卵石投掷,使有卵石纹"
patch," n. 片,补丁,碎片
vt. 补缀,掩饰,平息"
patchy," adj. 斑驳的, 不调和的, 不完整的, 拼凑的"
parallel," adj. 平行的,相同的,类似的,并联的
adv. 平行地
n. 平行线(面),相似物,对比
vt. 相比,相应,与...平行"
pale," n. 尖木桩,栅栏,界限
adj. 苍白的,暗淡的,弱的,浅色的
vi. 变得苍白,变得暗淡
vt. 使苍白"
palace," n. 宫殿
adj. 宫殿的,殿堂级的"
ore," n. 矿, 矿石"
mobility," n. 可动性, 变动性, 情感不定"
mature," adj. 成熟的, 到期的, 充分发育的, 考虑周到的
vt. 使...成熟, 长成
vi. 长成, 成熟; 到期"
maritime," adj. 海的, 海上的, 海事的"
maple, n. 枫树
magnesium, n. 镁
limb," n. 树枝,四肢,枝干,边缘
vt. 切断手足,切断树干"
laden," adj. 充满的, 负载的
动词lade的过去分词"
invasion," n. 侵入, 侵略"
interstellar, adj. 星际的
interfere," vi. 妨碍,冲突,干涉"
intercity, adj. 城市间的
intelligence," n. 理解力, 智力, 情报, 情报工作, 情报机关"
intelligent," adj. 聪明的, 智能的"
integrate," v. 整合, 使...成整体"
intact," adj. 尚未被人碰过的,原封不动的,完整的, 完好无缺的"
insulation," n. 隔离, 孤立, 绝缘"
inscribe," v. 题写，铭刻于，题赠
（英）登记
[数] 使内接"
incursion," n. 侵犯, 入侵"
income," n. 收入,所得"
inclination," n. 倾向, 意愿, 倾斜度"
incentive," adj. 刺激的, 鼓励的
n. 刺激, 鼓励, 动机"
hemlock," n. 毒胡萝卜, 铁杉"
hemisphere, n. 半球
hawk," n. 鹰,掠夺别人的人,鹰派人物
n. 清嗓
v. 用训好的鹰捕猎,像鹰一般地袭击,鹰啸，清嗓
v. 沿街叫卖"
glow," n. 赤热,光辉,热情
vi. 发红光,红光焕发"
fungal, adj. 真菌的，由真菌引起的
frozen, adj. 冰冻的
foul," adj. 恶臭的,污秽的,邪恶的,下流的
vt. 弄脏,妨碍,污蔑,阻塞,犯规
vi. 腐败,犯规
adv. 不正当地
n. 缠绕,犯规"
formidable," adj. 强大的, 可怕的, 难对付的"
feasible," adj. 可行的,可能的"
exclusively," adv. 排他地(独占地,专门地,仅仅,只)"
exchange," n. 交换,交换物,汇兑,交易所
vt. &vi. 交换,交易,兑换"
ethology," n. 动物行动学, 道德体系学"
epoch, n. 时期，时代，新纪元，划时代的大事，世
enthusiastic," adj. 热情的, 热心的"
enthusiasm, n. 热心，热忱，热情
endless," adj. 无止境的, 没完没了的"
dull," adj. 呆滞的,迟钝的,无趣的,钝的,暗的
vt. 使变钝
vi. 变钝"
dozen," n. (一)打,十二个
adj. 一打的, 十二个的"
disseminate," vt. 散播, 公开, 宣传"
diminish," vt. 减少,变小, 减损
vi. 变少, 逐渐变细"
deterioration," n. 恶化,降低,退化"
descendant," n. 子孙, 后代"
crab," n. 蟹
v. 捕蟹，使横行
n. 爱争吵的人
n. [植]山楂子
v. 批评，抱怨"
council," n. 理事会,委员会, 商议"
convince," vt. 说服, 使...相信"
convenient, adj. 方便的
convenience," n. 适宜，便利, 便利设施，方便的时间，舒适"
contraction," n. 收缩, 缩写式, 痉挛"
complain," vi. 抱怨,悲叹,控诉"
compensation," n. 补偿, 赔偿; 赔偿金, 物"
compensate," vt. &vi. 偿还,补偿,付报酬"
commonplace," adj. 平凡的, 陈腐的
n. 常事, 老生常谈, 普通的东西"
combustible," adj. 易燃的, 燃烧性的，易激动的
n. 燃质物, 可燃物"
combustion, n. 燃烧
cohesive," adj. 粘性的(有结合性的, 有粘聚性的)"
cohesion," n. 凝聚力, 团结"
cement," n. 水泥,纽带,接合剂,牙骨质,补牙物,基石
vt. 接合,用水泥涂
vi. 接合起来"
bud," n. 芽, 花蕾
vi. 发芽, 萌芽
vt. 使发芽"
broadside," n. 机身侧部, 宽边, 全部舷炮
adv. 舷侧着, 无目标地, 胡乱地
adj. 用侧面的
vt. 用整个侧面撞击或碰撞"
brilliance," n. (色彩)鲜明, 光辉, 辉煌"
botanical," adj. 植物学的，植物的
n. 植物制剂"
botany, n. 植物学，植物
botanist, n. 植物学家
biotic," adj. 生命的，生物的
suf. 表示“生存方式”"
assign," v. 分配,指派
n.[计算机] DOS 命令将驱动器符重指向第二个驱动器符"
archaic," adj. 已不通用的, 古老的, 古代的"
arbitrary," adj. 任意的, 专制的, 武断的, 霸道的"
alien," n. 外侨;外星人
adj. 外国的,相异的，陌生的
vt. 转让"
accomplish, vt. 完成
worm," n. 虫,蠕虫
vt. 蠕动,驱虫,慢慢探听出
vi. 蠕动"
word," n. 词, 单词, 消息, 诺言
vt. 用词语表达"
woolly," adj. 羊毛制的, 似羊毛的, 蓬乱的
n. 羊毛制品"
wonder," n. 惊奇；奇迹；惊愕
vi. 怀疑；想知道；惊讶
vt. 怀疑；惊奇；对…感到惊讶
adj. 奇妙的；非凡的"
withdraw," vt. 撤回,取回,撤退
vi. 退回,撤退"
withdrawal," n. 撤退,退回,取消"
weed," n. 杂草,菸草
vi. 除草
vt. 除草,摆脱"
wedge," n. 楔子,楔形物
vt. 楔住,嵌,挤进
vi. 被卡住"
vivid," adj. 生动的,强烈的,鲜艳的,清晰的,逼真的"
Vancouver, n. 温哥华市(温哥华)
upcoming," adj. 即将来临的, 预定将要"
transparent," adj. 透明的, 明显的, 清晰的"
tolerate," v. 忍受,容忍,容许,宽恕
vt. 容忍,忍受,容许"
tolerance," n. 忍耐力,宽容,容忍,公差"
evident," adj. 明显的, 明白的"
drag," n. 用来拖拉的东西,拖,拖累
vt. 拖累,拖拉(动)
vi. 拖拉(动),缓慢地行走"
dispersal," n. 散布, 传播, 分散，疏散区"
delicate," adj. 细致优雅的,微妙的,美味的
adj. 淡色的,淡味的
adj. 娇弱的,纤细的"
crisis," n. 危急关头,危机"
conserve," n. 蜜饯,果酱
vt. 保存,与糖放在一起,保持"
cease," n. 停止
vt. &vi. 停止,终了"
balance," n. 天平, 平衡, 差额, 平静, 调和, 制衡
vt. 使平衡, 称重量, 权衡, 抵消
vi. 建立平衡, 均衡"
altitude," n. 高度,海拔,高地"
adult," adj. 成年的,成人的，成熟的
n. 成年人"
adequate," adj. 足够的, 充足的, 适当的, 能胜任的"
inadequate," adj. 不充分的,不适当的"
absorb," v. 吸收,吸引...的注意,使全神贯注"
absorption," n. 吸收,全神贯注"
wheel," n. 轮子,周期,旋转运动
vi. 旋转,转动
vt. 推或拉车,传送,打圈,装以车轮"
roughly," adv. 概略地,粗糙地,粗鲁地"
rough," adj.粗糙的，崎岖不平的； 粗鲁的； 狂暴的，汹涌的； 未经加工的
vt.粗暴地对待； 使粗糙； 草拟
n.粗糙的部分； 艰难，苦难； （高尔夫球场的）深草区
adv.粗暴地
vi.举止粗野"
rigid," adj. 僵硬的,刻板的,严格的"
republic," n. 共和国,共和政体"
rely," v. 信赖,倚赖,信任"
reliance," n. 信赖,所信赖的人或物"
reformer," n. 改革家, 改革运动者"
pose," n. 姿势,姿态,装模作样
vt. 提出(问题),引起,定格
vi. 摆姿势,装模作样"
plastic," adj. 塑料的, 可塑的, 体态好的
n. 塑料,(外科)整形的,信用卡"
tablet," n. 药片, 匾, 片状物"
symptom," n. 症状, 征兆"
sustain," vt. 承受, 支持, 经受, 维持"
strip," vi.剥光； 表演脱衣舞； 剥除
vt.除去，剥去； 剥夺； 删除； 清除，拆除
n.长条，条板； 带状地带（或森林、湖面等）； （足球队员的）运动服"
split," n. 劈开, 裂片, 裂口
adj. 分散的
v. 分离, 分开, 劈开"
spin," n. 旋转, 疾驰
v. 纺织, 旋转, 拉长"
scarce," adj. 缺乏的,不足的,稀少的,罕见的
adv. 勉强"
occupy," vt. 占领,占,住进"
occupational, adj. 职业的
Norwegian," n. 挪威人, 挪威语
adj. 挪威的, 挪威人的, 挪威语的"
noticeable, adj. 显而易见的
mixture," n. 混合, 混合物"
mix," n. 混合(物),融合
vt. &vi. 混合,掺入,合成,交往,联系
[计算机] 混合"
medium," n. 媒体, 方法, 媒介
adj. 适中的, 中等的"
massive," adj. 巨大的, 大规模的, 大量的, 大范围的"
margin," n. 差额,利润,页边空白,边缘
vt. 使围绕于,加边缘"
planet, n. 行星
phase," n. 相, 相位,时期,局面,阶段
v. 逐步执行,实行,按计划进行"
partially," adv. 部份地, 一部份地, 不公平地"
parasite," n. 寄生虫,寄生生物，食客"
panel," n.镶板； 面； （门、墙等上面的）嵌板； 控制板
vt.选定（陪审团）； 把…分格； 在…上置鞍垫； 把…镶入框架内"
offshore," adj. 海面的,吹向海面的
adv. 向海面"
odor," n. 气味,名声,气息"
innovation," n. 创新, 革新"
innovate," v. 改革, 创新"
immune," adj. 免除的,免疫的
n. 免疫者"
hole," n. 孔,洞,穴
vt. &vi. 挖洞,掘坑,进洞"
hinterland, n. 海岸的后部地方(穷乡僻壤)
Harlem," n. 黑人住宅区, 哈莱姆区"
Greek," adj. 希腊(人)的
n. 希腊人,希腊语"
freight," n. 船货,运费,货运
vt. 装货,运送,使充满（某种心情或口气）"
log," n. 记录,圆木,日志,计程仪
vt. 伐木,切,记录,航行,度过(时间)
vi. 采伐"
legislation," n. 立法, 法律"
latter," adj. 后面的,后者的
pron.&amp;n. 后者"
latitude," n. 纬度，界限,自由选择权"
invent," v. 发明
vt. 发明,创造"
inventor, n. 发明家，创造者
invention," n. 发明,发明物,虚构,虚构物"
interact," vi. 相互作用,相互影响"
interaction," n. 相互作用, 相互影响"
instance," n.例子，实例； 情况； 要求，建议； [法]诉讼手续
vt.举…为例"
fragile," adj. 易碎的,脆的,精细的"
forage," n. 粮草, 饲料, 搜寻粮草
v. 喂, 掠夺"
forecast," n. 预测,预报
vt. &vi. 预测"
flourish," vi. 繁荣,茂盛,活跃,手舞足蹈
vt. 挥舞
n. 挥舞,华丽词藻,茂盛,兴旺,炫耀"
flexible," adj. 灵活的,易弯曲的,柔韧的,可变通的"
finch, n. 雀类
equal," adj. 相等的,平等的,胜任的
n. 对手,匹敌,同辈
vt. 等于,比得上"
equally," adv. 相等地, 同样地, 平等地"
encounter," n. 意外的相见,遭遇
vt. &vi. 遇到,偶然碰到,遭遇"
enclose," vt. 围绕, 圈起, 放入封套, 附上
[计算机] 括入"
embryo," n. 胚胎,萌芽"
eliminate," v. 除去,排除,剔除
[计算机] 消除"
earthquake, n. 地震
detect," vt. 发现,探测信息,侦查
vi. 当侦探"
detectable," adj. 可发现的(可察觉的,可探测出的,可检波的)"
cosmic, adj. 宇宙的，广大无边的，无限的
convert," v. 使转变, 使...改变信仰, 倒置
n. 皈依者, 改宗者"
confine," vt. 限制,闭居
n. 边界, 约束, 范围, 限制"
collide," vi. 碰撞,互撞,砥触"
chip," n. 薄片,碎屑，芯片
vt. 削,切,削成碎片
vi. 折断成碎片"
capacity," n. 能力, 容量, 容积; 资格, 职位
adj. (达到最大容量)满的"
canoe," n. 独木舟, 轻舟
v. 乘独木舟"
candidate," n. 候选人, 求职者"
butterfly," n. 蝴蝶,蝶状物,蝶泳
vt. (烹饪时把鱼肉等）切开摊平"
bubble," n. 泡沫, 气泡, 幻想, 骗局, 欢乐
vi. 起泡, 出现, 洋溢
vt. 使冒泡"
bronze," adj. 青铜色的
n. 青铜, 青铜色, 青铜制品, 铜牌(第三名)
vt. 使成青铜色"
bill," n.账单； 钞票； 清单； 广告
vt.安排； 给…开账单； 为…发提（货）单； 把…登录在账
vi.鸟嘴相接触"
beam," n. 光线，电波，横梁，容光焕发
vt. 发出（光、电、热、信号）；为……上梁
vi. 微笑；发光"
bake," vt. 烘焙,烤
vi. 烘焙,烤,变得炎热
n. 烘焙,烤"
attain," vt. &vi. 达到,获得"
appreciate," vt. 欣赏,感激,赏识
vt. 领会，充分意识
vi. 增值"
appreciation," n. 赏识, 鉴识, 感激"
appreciable," adj. 可感知的, 可评估的，很可观的"
aid," n. 帮助,救护,辅助物
vt. &vi. 援助,帮助,救护
abbr.=Agency for International Development 国际开发署[美]"
agent," n. 代理人，代理商；药剂；特工；动力
vt. 由…作中介；由…代理
adj. 代理的"
withstand," vt. 对抗,经得起,承受"
vision," n. 视觉,先见之明,光景,视力,眼力,幻想，影像
vt. 幻想"
value," n. 价值, 重要性, 价格, (pl)价值观
vt. 评价, 估价, 重视"
urge," n. 冲动
vt. 驱策,鼓励,力陈,催促
vi. 极力主张"
turnpike," n. 收税路(公路,高架桥)"
tide," n. 潮,趋势,潮流
vt. 使...随潮漂流
vi. 涌动"
termite, n. 白蚁
succession," n. 连续, 继承权, 继位"
successive," adj. 接连的, 连续的, 接二连三的"
strain," n. 张力；拉紧；负担；扭伤；血缘
vi. 拉紧；尽力
vt. 拉紧；滥用；滤去；竭力"
storm," n. 暴风雨
v. 猛攻,捣毁,起风暴
vi. 起风暴,强攻
vt. 猛攻,捣毁"
stamp," n. 印,邮票,打印器
vt. 捺印,顿足,贴上邮票"
stiff," adj. 坚硬的,严厉的,呆板的,不灵活的
adv. 僵硬地,彻底地
n. 死尸, 过于拘谨的人, 流浪汉, 吝啬鬼, 醉鬼
vt. 诈骗,失信,不给小费"
stiffen," v. 使...坚硬,变为浓粘,变为猛烈"
spray," n. 水沫,喷雾器
vt. &vi. 喷雾,扫射,喷射"
sort," n. 种类,样子,态度
v. 分类,整理,排序
n.[计算机] DOS命令 : 在字符型文件中进行数据排序, 或者将DOS命令的输出进行排序"
shatter," n. 碎片,乱七八糟的状态
vt. 打碎,破掉,散开
vi. 打破,脱落"
semiskilled, adj. 半熟练的
satisfy," vt. 使...满意, 使...信服
vi. 足够, 取悦"
roost," n. 栖木, 鸟窝, 休息所
v. 栖息, 安歇"
reverse," n. 相反; 背面; 失败, 挫折
adj. 反面的, 相反的, 颠倒的
v. 颠倒, 逆转, 倒退"
residential," adj. 住宅的,与居住有关的"
residence," n. 住处, 住宅, 居住"
reptile," adj. 爬虫类的
n. 爬行动物"
regardless," adj. 不注意的, 粗心的
adv. 不顾"
realization," n. 实现,领悟,实得"
questionnaire, n. 调查表
purchase," n. 购买, 购买的物品
n. 支点; 紧握, 抓紧
vt. 购买, 赢得; (用设备)举起, 移动"
publisher," n. 出版者, 发行人"
resident," adj. 居住的
n. 居民,旅客"
pry," v. 打听, 窥探, 用杠杆撬开
n. 窥探，杠杆，爱打探的人"
prosperity," n. 繁荣,兴旺"
prosperous," adj. 繁荣的, 兴旺的"
probe," n. 探针,调查,探测器
vt. 用探针测,详细调查
vi. 详细调查"
prevail," vi. 获胜, 盛行, 主导"
pleasure," n. 高兴, 愉快, 快事
vt. 使高兴
vi. 享受快乐, 高兴"
pleasant," adj. 令人愉快的,舒适的"
motif," n. 主题, 意念, 动机"
minimum," adj. 最低的, 最小的
n. 最小量, 最低限度"
manipulate," v. 操纵,利用,假造
[计算机] 操作"
magical, adj. 魔术的，有魔力的，神奇的
lung," n. 肺,呼吸器官"
limestone, n. 石灰石
lime," n. 石灰,酸橙,酸橙树,粘鸟胶,钙
vt. 施石灰,涂上粘性物质,沾上粘鸟胶
adj. 与石灰或石灰石相关的"
lesser," adj. 较少的, 较小的, 次要的"
larva, n. 幼虫，幼体
kiln," n. 窑,炉,干燥炉
v. 烧窑,在干燥炉干燥"
inscription,"n. n. 题字, 碑铭，铭文"
infant," adj. 婴儿的, 幼稚的, 初期的
n. 婴儿, 幼儿"
incubation, n. 孵化；[病毒][医] 潜伏；抱蛋
incorporate," vt.组成公司； 包含； 使混合； 使具体化
vi.包含； 吸收； 合并； 混合"
corporation," n. 公司, 法人, 集团"
imprint," vt. 刻上记号(加特征, 印刷, 盖印, 压印, 铭记)
n. 印记(痕迹, 特征, 印象)"
hostile," adj. 怀敌意的,敌对的"
groove," n. 凹槽,惯例
vt. 开槽
vi. 开槽, 使...快活"
graphic," adj. 生动的,图表的
n. 图表"
granite, n. 花岗岩；坚毅；冷酷无情
frost," n. 霜,冰冻,冷漠
vt. &vi. 覆着霜,冻结,结霜"
flock," n. 一群,信众,软填料,短绒,棉絮,毛屑
vt. 塞填充料
vi. 成群而行,聚集"
fertilizer, n. 肥料
fertile," adj. 肥沃的,能繁殖的
n. 多产,肥沃"
fertility," n. 肥沃, 丰饶, 生产力"
fertilize, vt.使肥沃； 使受孕； 施肥
facility, n.设备； 容易； 能力； 灵巧
fabric," n. 织物, 布, 结构"
excessive," adj. 过多的,过分的"
excess," adj. 过量的,附加的
n. 超过,超越,过度,过量"
exaggerate," vt. &vi. 夸大,夸张"
entertainment, n. 娱乐
elevation," n. 提拔，海拔,提高
[计算机] 标高"
elaborate," adj. 精细的, 详尽的, 精心的
v. 详细地说明, 用心地作, 推敲"
diameter, n. 直径
devise," vt. 设计,遗赠
n. 遗赠(的财产)"
delivery," n. 递送, 交付, 分娩"
deliver," vt.发表； 递送； 交付； 使分娩
vi.投递； 传送"
dam," n. 水坝
vt. 筑坝,抑制(情感）等"
chamber," n. 房间,会所,室
vt. 装入室中(枪膛)
adj. 室内演奏的"
census," n. 户口普查
v. 实施统计调查"
capillary," n. 毛细管
adj. 毛状的, 毛细管的"
boundary," n. 分界线, 边界"
automobile," n. 汽车
adj. 汽车的"
astronomer, n. 天文学家
astronomy, n. 天文学
astronomical, adj. 天文学的，巨大的
advent," n. 出现,到来"
wilderness," n. 荒野, 荒地"
wage," n. 薪水,报偿,代价
vt. &vi. 开始,进行（战争、运动）"
vital," adj. 至关重要的, 生死攸关的, 有活力的, 充满生机的"
tundra," n. 苔原, 冻土地带"
tile," n. 砖瓦
vt. 铺以瓦,铺以瓷砖"
therapy," n. 疗法,治疗"
swamp," n. 沼泽,湿地
v. 淹没,陷于沼泽"
susceptible," n. 易受影响者,易受感染者
adj. 易受影响的,易感动的,容许"
surplus," adj. 多余的,过剩的
n. 过剩,剩余物,盈余,顺差"
thoughtful," adj. 深思的,体贴的"
territory," n. 领土, 版图, 领域, 范围"
tenant," n. 房客,佃户
vt. 居住"
temper," n. 脾气；（钢等）回火；性情；倾向
vt. 使回火；锻炼；调和；使缓和
vi. 回火；调和"
tapestry," n. 挂毯
v. 饰以织锦画"
supreme," adj. 最高的, 至上的, 极度的"
supplant," v. 排挤,取代
vt. (用策略等)替换"
supersonic," adj. 超声波的，超音速的
n. 超声波，超音速（飞机）"
summit," n. 顶点;最高阶层
vi. 参加最高级会议,爬到最高点"
sulfate, n. 硫酸盐
stoneware, n. 粗陶器
starvation," n. 饿死, 饥饿"
stalk," n. 茎,追踪,高视阔步
vt.& vi. 悄悄靠近,蔓延,高视阔步"
spun," adj. 纺成的
v. 纺（spin的过去分词）；旋转"
sponge," n. 海绵, 海绵状的东西
v. 用海绵擦拭, 吸收掉, 抹掉"
in spite of," 不顾,不管
prep. 尽管"
spirit, n. 精神
spill," vt.& vi.溢出； 泼出； 涌出； 蜂拥而出
n.洒出； 泼出； 溢出；小塞子"
spider, n. 蜘蛛
sphere," adj. 球体的
n. 范围, 领域, 球, 球体"
solemn," adj. 庄严的, 严肃的, 隆重的"
sole," adj. 唯一的, 独占的
n. 脚底, 鞋底; sole 或soles 鳎鱼
vt. 给(鞋)换底"
socially," adv. 在社会上, 在社交上, 亲切地"
snowfall, n. 降雪，降雪量
slick," adj. 光滑的(巧妙的, 完全的, 老一套的, 第一流的)
adv. 滑溜地(直接地)"
slender," adj. 细长的, 苗条的, 微薄的, 少量的"
sketch," n. 素描,草图,概述,小品
vt. 描绘略图
vi. 写生"
silt," n. 淤泥
v. (使)淤塞"
Sierra Nevada, n. 内华达山脉(美国加利福尼亚州东部的花岗岩块状山脉)
shortage," n. 不足,缺少"
seemingly, adv. 表面上(看上去)
sedentary," adj. 久坐的, 固定不动的"
scurry," vt. 快跑(飞散)
n. 快跑(飞散)"
rudimentary," adj. 基本的(初步的, 起码的, 根本的)"
rotate," vt. &vi. (使)旋转,轮流
adj. 车轮状的"
rotation," n. 旋转,循环"
romanticism," n. 浪漫精神, 浪漫主义"
retail," n. 零售
vt. 零售
adj. 零售的
adv. 以零售形式"
replenish," vt. 补充,再装满
vi. 补充"
regulation," n. 规则, 规章, 管理
adj. 规定的, 官方的"
regulatory," adj. 管理的, 控制的, 调整的"
rear," n. 后面,背后,臀部
adj. 后面的,背面的,后方的
vt. 养育,饲养,举起,建立
vi. 高耸,用后腿站立"
radius," n. 半径,桡骨,半径范围,辐射区"
radiation," n. 辐射,放射线"
publication," n. 出版, 发行, 出版物, 公布, 发表"
prone," adj. 俯卧的, 易于...的, 有...倾向的"
probable," adj. 很可能的
n. 很可能的事"
prize," n. 奖品,珍品,战利品
vt. 重视
adj. 奖励的,杰出的"
prison," n. 监狱
vt. 囚禁, 关入监狱"
prestige," n. 威望,声望"
practitioner, n. 从业者
powder," n. 粉,粉末,细雪,火药
vt. 洒粉于,使变成粉,重击
vi. 变成粉,涂粉"
plumb," n. 铅锤, 垂直
v. （用铅垂）测量，探测
adv. 垂直地，彻底地
adj. 垂直的，完全的"
pamphlet, n. 小册子
ownership, n. 所有权
outlying," adj. 远离中心的, 偏僻的
adj. 在外侧的"
outermost," adj. 最外方的(最远的, 最高头的)"
otter," n. 水獭, 水獭皮"
ornate," adj. 装饰的, 华丽的"
octopus, n. 章鱼
obsidian, n. 黑曜石
numerical," adj. 数字的, 用数字表示的"
notwithstanding," adv. 虽然, 尽管
prep. 纵使
conj. 虽然"
norm," n. 标准,规范"
necessitate," v. 迫使, 使...成为必需, 需要"
navigate," vi. 航行,驾驶,操纵
vt. 航行,驾驶"
navigation," n. 航行, 航海, 导航"
navigable," adj. 可航行的,可通船的,适于航行的
adj. 容易环绕的."
moth, n. 蛾;飞蛾
mission," n. 任务,代表团,使命,传教
vt. 传教
[计算机] 使命"
minuscule," n. 草写小字,小写字
adj. 草写小字的,小写字的"
mild," adj. (烟、酒)味淡的,轻微的,温柔的,文雅的"
metabolism, n. 新陈代谢
metabolic, adj. 新陈代谢的
Mesopotamia, n. 美索不达米亚(亦称“两河流域”)
merchandise," n. 商品,货物
vt. &vi. 经营,推销, 销售, 经商"
meaningful," adj. 意义深长的,有意义的"
mate," n. 配偶, 同事, 助手
v. 使...配对, 交配, 使...一致, 结伴"
maser, n. 微波激射器
marsh," n. 沼泽, 湿地
Marsh：马什（人名）"
mallet," n. 木槌, 球棍, 棒"
lumber," n. 木材, 木料
v. 伐木
vi. 缓慢地移动
vt. 拖累"
lug," n. 柄，突出部，螺帽
n.(英）耳朵
笨蛋
vt. 拖，拉, 用力拖动"
loyalty," n. 忠诚, 忠心"
locomotive," n. 火车头, 机关车
adj. 运转的, 火车头的, 移动的"
locomotion," n. 运动, 移动, 转位"
lithosphere," n. 岩圈,地壳"
license," n. 批准,许可证,特许
vt. 允许,特许"
lecture," vt. &vi. 讲课, 教导
n. 演讲, 教训, 斥责"
last," adj. 最后的,末尾的,最近的,晚了，迟到了
adv. 最后,最新
n. 最后来的人（或发生的事）
vi. &vt. 持续"
lament," n. 悲叹, 悔恨, 恸哭
v. 哀悼, 悔恨, 悲叹"
kerosene, n. 煤油
journal," n. 日记, 杂志, 日报"
journalism," n. 新闻工作, 新闻业, 新闻写作"
jewelry," n. 珠宝, 珠宝类"
jaw," n. 颚,颌,说教,流言蜚语
vt. &vi. 喋喋不休,教训"
invader, n. 侵略者
invade," vt. 侵略,侵害,拥入"
inferior," adj. 次等的, 较低的, 不如的"
indispensable, adj. 不可缺少的
incidental," adj. 附带的, 偶然的, 容易发生的"
implication," n. 暗示,含意"
immense," adj. 巨大的,广大的,非常好的"
ignite," vi. 着火, 发光
vt. 点燃, 使...燃烧, 引发"
icy," adj. 冰的,冷淡的,滑溜的"
humanity, n. 人类 人性;人道;慈爱
humanitarian," n. 人道主义者, 博爱者, 基督凡人论者
adj. 人道主义的, 博爱的, 相信基督为凡人的"
host," n.[计算机]主机； 主人，东道主； 节目主持人； 酒店业主
vt.当主人； 主办宴会，主持节目； 款待，做东
vi.做主人，做东道主"
horn," n. 喇叭
n.(牛、羊等的)角, 喇叭, 触角
v.装角"
horizontal," adj. 水平的,横的
n. 水平线,水平面"
honor," n. 荣誉,荣幸,贞洁,正直,信用
vt. 尊敬,授予荣誉,实践,兑现"
honest," adj. 诚实的,正直的
adv. 老实说"
hibernate," vi. 过冬,冬眠,避寒"
heel," n. 脚后跟
v. 倾侧"
headquarter," vt. 总部设于
vi. 作为总部
n. (headquarters)总部,总局"
hazard," n. 冒险,危险,危害
v. 冒...的危险,赌运气"
harmony," n. 和弦,协调,和睦,调和"
harbor," n. 海港,避难所
vt. 庇护,心怀,窝藏
vi. 进入避祸所,生存"
gosling," n. 小鹅, 年轻无知的人"
gin," n. 杜松子酒
n. 弹棉机, 轧花机, 陷阱, 网
v. 用轧棉机去籽, 用陷阱（网）捕捉"
gigantic, adj. 巨大的
gear," n. 齿轮,传动装置,设备,工具
vt. &vi. 使适应于,以齿轮连起,配搭活动,调整"
fusion," n. 融合物,结合,融合"
frog," n. 蛙,马的蹄叉,刀剑的挂环"
frequency," n.&amp;adj. 频繁,频率"
formula," n.   公式,配方,规则；代乳品
adj. （赛车的）级的，方程式的"
forehead," n. 额,前额"
fortuitous," adj. 偶然的, 意外的，幸运的"
flush," n. 流溢, 面红, 旺盛, 冲水(尤指冲马桶), 突然萌发, (纸牌)同花顺, 清一色
[计算机] 冲洗
vi. 脸发红, 冲刷, 旺盛成长
vt. 用水冲洗, 惊起(一群鸟), 抄...老窝, 使兴奋
adj. 丰足的,齐平的,满盈的
adv. 正直地, 羞涩地"
fluid," adj. 流畅优美的,流体的,流动的,不稳定的
n. 流体,液体"
flake," vi. 剥落；成片状剥落
vt. 使…成薄片；将…剥落
n. 小薄片；火花"
firearm," n. 火器, 枪炮"
feldspar," n. 长石
=felspar"
fathom," n. 测量深度, 看穿, 了解，英寻（=6英尺)
vi. 测量深度
vt. 彻底了解，测深"
fate," n. 命运,天意
vt. 注定"
facilitate," vt. 帮助, 使...容易, 促进"
fortunate," adj. 幸运的,侥幸的"
experimentation," n. 实验, 试验"
expenditure," n. (时间、劳力、金钱等)支出,使用,消耗"
ethnic," adj. 民族的，种族的，有民族特色的
n. 少数民族的一员"
essence," n. 本质,精髓,要素,香精"
envision," n. 预想
v. 想象,预想
vt. 想象"
envelope," n. 信封, 封皮,壳层"
envelop," v. 包封, 遮盖, 包围"
enrich," vt. 使富足,使肥沃，添加元素"
endanger, vt. 危及，危害
ember, n. [pl.]余烬
dynamic," adj. 动态的, (有)动力的, (有)力的; 有活力的
n. 动力; 力学"
drift," n. 漂移,漂流物,观望,漂流,吹积物,趋势
vi. 漂移,漂流,吹积
vt. 使漂流,把...吹积"
dot," n. 小圆点,少量,小东西
vt. 作小点记号,点缀
vi. 作小点记号
[计算机] 点"
distrust," n. 不信任
vt. 不信任"
district," n. 区,地区,行政区
vt. 划分区域,划分地区"
disrupt," adj. 分裂的,分散的
v. 使...分裂,使...瓦解"
discipline," n. 训练, 纪律, 惩罚; 学科
vt. 训练, 惩罚"
dirt," n. 污垢,泥土, 污秽的言行,卑鄙的人,堕落,矿渣"
digest," n. 摘要
vt. 消化,理解
vi. 消化"
devoid," adj. 全无的, 缺乏的"
designate," adj. 指定的
vt. 指定,选派,标明"
descent," n. 下落,家世,倾斜,侵袭"
deforest, vt. 采伐森林，清除树林
deepen," vt. 使...加深, 使...强烈
vi. 加深，变浓"
dedicate," vt. 献出,提献辞,致力于"
deception," n. 骗局,诡计,欺骗,欺诈"
crown," n. 王冠,王权,顶点,花冠
vt. 使...成王,加冕,居...之顶,为牙齿镶上假齿冠
vi. 火迅速烧到树的顶端"
crevice, n. (岩石、墙等)裂缝
creator," n. 创造者，[计]创建者
Creator 
n. 上帝"
cranial," adj. 头盖的, 头盖形的"
cramp," n. 抽筋, 腹部绞痛, 铁箍
adj. 狭窄的, 难解的
v. 使...抽筋, 以铁箍扣紧, 束缚"
coverage, n. 涉及范围(如保险范围或储备金额)，涂层，新闻覆盖率
counterpart, n.  职位（或作用）相当的人；对应的事物
count," v. 计算, 视为, 依赖
n. 计数"
copy," n.复制品； 一份； （报刊等的）稿件； 准备排印的书面材料
vt.& vi.复制； 抄写； 容许复制的
vt.模仿； 仿造…的样式或图案； 抄写； 复制"
cope," v. (with)竞争,对抗,对付,妥善处理
vi. 对付,妥善处理"
contact," v. (与)联系, (与)接触
n. 接触, 联系; 联系人"
conifer, n. 针叶树
concrete," n. 水泥,混凝土
adj. 具体的,实在的,水泥的
vt. &vi. 凝结,结合"
concert," n. 音乐会, 一致, 和谐
vt. 制定计划, 通过协商达成一致
vi. 合作"
coach," n. 大巴, 教练; (火车)客车车厢, 四轮马车, 经济舱
vt. 训练, 指导
vi. 训练, 指导"
clan," n. 氏族, 宗族, 党派"
church," n. 教堂,礼拜仪式,基督教徒
adj. 教堂的
vt. 把...带到教堂接受某种宗教仪式"
chlorophyll, n. 叶绿素
chisel," n.凿子，錾子； <俚>诈骗
vt.& vi.凿，雕； 錾，镌； 欺骗； 钻进"
champion," n. 冠军, 拥护者, 勇士
vt. 保卫, 拥护"
celebrate," vt. &vi. 庆祝,祝贺,颂扬"
cedar, n. 雪松，雪松木材
caste," n. 印度的世袭阶级, (排他的)社会团体"
cap," n. 帽子,盖子,顶
vt. 给戴帽,覆盖顶端,超过,形成化学键于,抑制
vi. 形成化学键"
bowl," n. 碗, 物体的碗状部分, 季后赛, 圆形露天剧场
vi. 打保龄球, 快速移动
vt. 投球, 投球得分"
bovine," adj. (似)牛的, 迟钝的"
boulder, n. 大圆石，巨砾
bone," n. 骨,骨骼,核心
vt. 除去骨头,往衣服里加撑条,磨光表面
vi. 努力学习
adv. 非常地,极其地"
beak," n. 鸟嘴，鸟嘴装物体，鼻
n. 地方治安官，校长"
bake," vt. 烘焙,烤
vi. 烘焙,烤,变得炎热
n. 烘焙,烤"
background," n. 背景,幕后,配音
vt. 提供背景"
association," n. 联合,结合,交往,协会,社团,联想"
assistant," adj. 助理的；辅助的。
n. 助手助理；助教，店员"
assist," n. 帮助,协助,协助的器械
vt. 帮助,协助
vi. 帮助,协助,出席"
ascent," n. 上升, 上坡路，晋升，提升，追溯"
arise," vi. 上升,引起,出现"
arcade," n. 拱廊, 有拱廊的街道"
arboreal," adj. 树木的, 栖于树木的"
approval," n. 批准, 认可, 同意, 赞同"
angle," n. 角(度),角落
vt. 斜移,转变角度
vi. 钓鱼,谋取,转变角度
n. (Angle)盎格鲁人"
amplification," n. 扩大, 扩充，膨胀
n. 详述, 引伸，推广
n. 增幅, 放大(率), 放大倍数[系数]"
aluminum, n. 铝
altogether, adv. 总共，完全
allocate," v. 分派, 分配, 分配额"
aim," n. 目标,对准, 枪法
vt. 瞄准, 针对
vi. 旨在, 瞄准, 打算"
adept," adj. 熟练的, 老练的
n. 名手, 专家"
yield," n. 生产量, 投资收益
v. 生产, 屈服, 投降, 弯下去, 凹下去"
Yellowstone, n. 黄石公园(美国)
woody," adj. 多树木的, 木质的, 森林的"
woodpecker, n. 啄木鸟
wire," n. 电线,铁丝网,电报
vt. 给…装电线,用电报发,用导线连接
vi. 发电报"
willow, n. 柳树，柳木制品
whereby," adv. 借此(在...旁,凭什么)"
warehouse," n. 仓库
vt. 存入仓库"
viscosity," n. 粘度,粘性"
vine," n. 攀爬植物, 藤, 蔓"
vigorous," adj. 精力充沛的,元气旺盛的,有力的"
via, prep. 经由
venture," n. 冒险,风险,投机
vt. 敢尝试,谨慎地做，冒险一试
vi. 冒险做"
vent," n. 排气口, 表达, 发泄, 火山口
vt.&vi. 发泄, 表达, 排放"
vacation," n. 假期, 休假，腾出
vi. 度假"
vacancy," n. 空白, 空缺"
underneath," adv. 在下面
n. 下部, 底部
prep. 在...下面"
uncover," vt. 揭开,揭露"
turbulent, adj.骚乱的，混乱的； 激流的，湍流的； 吵闹的； 强横的
triple," n. 三倍之数,三个一组
adj. 三倍的"
tributary," adj. 纳贡的, 从属的, 补助的
n. 纳贡者, 属国, 支流"
transmission," n. 传输, 播送, 变速器, 传递的信息"
translate," vt. 翻译；转化；解释；转变为；调动
vi. 翻译"
trample," n. 踩踏
v. 践踏, 轻视"
torque, n. 转力矩; 捻扭的金属项圈、领圈或臂圈
toll," n. 通行费,代价,伤亡人数,钟声
vi. 征收通行税,鸣钟
vt. 向某人征税,钟响,引诱"
toe," n. 脚趾,足尖
vt. 趾触,趾踢
vi. 踮着脚尖走"
tobacco, n. 烟草
thereafter," adv. 其后, 从那时以后"
textbook," n. 课本, 教科书"
terrace," n. 平台,阳台,梯田
v. 使成阶地,使成梯田
vt. 使成梯田"
terminology," n. 术语,术语学"
tentacle," n. (动物)触角, 触须"
tenfold," adj. 十倍的, 十重的
adv. 成十倍, 成十重"
temple," n. 庙宇,寺院
n.太阳穴"
televise," v. 用电视播放, 用电视放映
vt. 用电视播放"
tap," n. 轻打, 水龙头, 电话窃听
vt. 从...放出液体, 自...某人处获取, 在...上装窃听器, 轻拍
vi. 轻拍"
synthesize, v. 合成
sympathy," n. 同情,忠诚,感应"
suspect," vt.猜疑（是）； 怀疑，不信任； 怀疑…有罪
n.嫌疑犯
vi.怀疑"
suppress," vt. 镇压,使...止住,禁止"
supervise," vt. 监督,管理,指导"
superheat," v. 过热化
n. 过热"
sum," n. 总数(计),金额,顶点,概略,一笔钱
vt. 总计,概括
vi. 总计"
suffer," vt. 遭受,忍受,允许
vi. 忍受,经历"
succulent," adj. 多汁的, 肉质的，有趣味的
n. 肉质植物"
subsistence," n. 生存, 生活"
subsidize," v. 给与补助金,给与奖助金,贿赂"
subscribe," vt. 签名,签署,支持
vi. 签名,签署,定期捐赠,订阅"
strategy," n. 战略, 策略"
stationary," adj. 不动的(稳定的)
n. 固定物(驻军)"
startle," n. 惊愕, 惊恐
v. 吃惊, 使...惊愕"
stagnant," adj. 不流动的, 不景气的"
squander," v. 浪费, 使...散开"
sprawl," vi. 蔓延；伸开手足躺；无计划地扩展
vt. 懒散地伸开；使蔓生
n. 蔓生；伸开手足躺卧姿势"
spring," n. 春天, 弹簧, 弹跳, 泉水, 投射
vt. 弹起, 使喷涌, 越过, 弹出, 释放, 发生, 跳, 裂开
vi. 射出, 涌入(出), 发芽, 长高"
spectator," n. 观众, 旁观者"
spectacle," n. 值得看的东西, 光景, 眼镜"
spearhead," n. 矛尖,突击队的先遣队,攻击的最前线
v. 做先锋,在前面带头做先锋"
sparse," adj. 稀少的, 稀疏的"
sparkle," n. 闪耀, 火花
v. 闪耀, 冒火花"
spark," n. 火花,朝气,情人,俗丽的年轻人
vi. 闪烁,冒火花,热情回应
vt. 激发,引起,追求"
soften," v. 使...变柔软,变柔和,减轻"
sodium, n. 钠
sociologist, n. 社会学家
soak," n. 浸,湿透,喝醉
vt. 使…湿透,浸泡在液体中,浸洗，吸入，使某人喝醉，向某人敲竹杠
vi. 浸入液体，渗透，感化（某人），无节制地喝酒"
snap," v. 猛咬, 谩骂, 砰然关上, 拍摄, 崩塌，劈啪作响
n. 啪嗒声, 快镜头，突然释放
adj. 匆忙的，突然的
adv. 劈啪作响地"
smoky," adj. 烟雾弥漫的，冒烟的, 呛人的
=smokey"
slush," n. 软泥(油灰, 水泥沙浆, 脂膏)
vt 灌泥浆于(涂敷糊料, 减水作用, 溅湿)"
slice," n. 薄的切片,一部份,锅铲
vt. 切成薄片,大幅降低"
slate," n.板岩,石板,石片,石板色,候选人名单
adj. 暗蓝灰色的,含板岩的
vt. 用石板覆盖,痛打,提名,预订"
skyscraper, n. 摩天大楼
skeptical, adj. 怀疑的
situate," vt. 位于, 坐落在
adj. 位于...的，坐落在...的"
silicon, n. 硅
shale," n. 页岩, 泥板岩"
shaft," n. 轴，杆状物，井状通道；井穴
vt. 亏待；苛待；欺骗"
shade," n. 色度,荫凉处,稍微
vt. &vi. 渐变,遮蔽,微减"
sensory," adj. 知觉的, 感觉的, 知觉器官的"
seep," v. 渗出, 渗漏
n. 渗漏，小泉，水（油）坑"
secular," n. 牧师,凡人
adj. 世俗的,现世的,不朽的"
scope," n. 能力，范围，眼界，机会，余地
vt. 仔细研究"
scavenger," n. 清除剂(清道工,选池,基接受体)"
salty, adj. 咸的
salary," n. 薪水
vt. 给...薪水"
saint," n. 圣人,圣徒
vt. 把...封为圣人"
sacred," adj. 神圣的,受尊重的"
rust," n. 铁,锈
vi. 生锈,变成红棕色
vt. 使...生锈,损害"
ridiculous, adj. 可笑的；荒谬的
revere," v. 尊敬, 敬畏, 崇敬
里维尔(美国马萨诸塞州城市, 避暑胜地)"
retract," vt. 缩进(拉回,退回,取消)
n. 收缩核"
reputation," n. 声誉,好名声"
repertoire," n. (准备好演出的)节目, 保留剧目, (计算机的)指令表, 指令系统, &lt;美&gt;(某个人的)全部技
能, 清单,指令表"
render," vt. 使成为, 提供, 报答, 着色; 执行, 实施
vi. 给予补偿
n. 交纳, 粉刷, 打底"
refine," vt. 精炼,净化,使优雅
vi. 被提纯,改进"
recruitment," n. 征募新兵, 补充"
recording," n. 录音
动词record的现在分词"
receptor," n. 受容器, 感觉器官, 摄取体"
rebound," n. 弹回
vt.&amp; vi. 弹回"
reap," vt. 收割,收获,获得
vi. 收割"
raft," n. 筏, 救生艇, 大量
v. 乘筏, 制成筏"
quarry," n. 采石场, 猎获物, 出处，被追逐的目标
v. 挖出, 苦心找出"
pursuit," n. 追求, 追赶, 工作"
pursue," v. 追捕, 追求, 继续从事"
purification," n. 净化，提纯, [宗]涤罪"
protrude," v. 使突出，伸出,突出"
prose," adj. 散文的
n. 散文"
prolong," vt. 延长,拖延"
prodigious," adj. 巨大的,奇异的
n. 奇迹"
proceed," vi. 继续进行; 开始, 着手"
prizefight, n. 职业拳击赛
prerecord, v. 事先录音
pregnant," adj. 怀孕的，意味深长的,含蓄的，富于想象力的"
portable," adj. 轻便的,手提式的
n. 手提打字机"
port," n.港口； （事情的）意义； （计算机与其他设备的）接口； （船、飞机等的）左舷
vt.举枪； 持枪； 左转舵
vi.转向左舷
adj.左舷的，左侧的
vt.& vi.转舵（向左），把（舵）转向左边
adv.向左舷，向左"
porpoise," n. 海豚
vi. (船，鱼雷)在水面急行"
plutonic," adj. 火成岩的, 深成的
Plutonic
adj. [希神]普路托的, 阴间的, 冥王星的
=Plutonian"
plug," n. 塞子,消防栓,电插头
vt. 塞住,射杀,宣传
vi. 射杀,持续的工作"
plow," n. 犁,耕地
vt. 耕犁,
vi. 用犁,费力前进,辛苦进行"
plight," n. 困境,境况,誓约,艰难
vt. 宣誓,保证,约定"
plaster," n. 石膏, 灰泥, 膏药
v. 涂以灰泥, 敷以膏药, 使...平"
pit," n. 深坑,核,矿井,陷阱,英国剧场正厅后排, 凹陷疤痕
vt. 使...有伤痕,去...的核,与...较量"
pillow," n. 枕头
vt. 枕,搁,垫"
pet," adj. 宠爱的,珍爱的
n. 宠物,生气
vt. 宠爱,抚摸,溺爱
vi. 拥抱"
pest, n. 害虫
persist," vi. 坚持,固执,持续"
perishable," adj. 易腐烂的, 会枯萎的, 会死的
（复数）perishables:易腐烂的东西（尤指食物）"
percussion," n. 打击乐器，撞击，碰撞, 振动,引爆 [医]叩诊"
perceive," v. 察觉, 感觉, 认知, 理解"
peninsula, n. 半岛
penchant, n. 喜好(倾向)
patent," n. 专利权,执照,专利品
adj. 专利的,显著的,新奇的
v. 取得...的专利权,请准专利"
patch," n. 片,补丁,碎片
vt. 补缀,掩饰,平息"
pasture," n. 牧场
v. 吃(草)
vt. 放牧"
passive," adj. 被动的,消极的
n. 被动性"
parrot," n. 鹦鹉, 盲目重复或模仿他人行为的人
vt. 学舌, 盲目重复或模仿"
parasitic," adj. 寄生的, 靠他人为生的
=parasitical"
parade," n. 游行,阅兵,轮替, 夸耀, 广场
vi. 参加游行, 阅兵, 散步, 炫耀
vt. 使参加游行, 校阅, 绕行, 夸耀"
panic," n. 恐慌,惊惶
adj. 惊慌的,没有理由的,恐慌的
vt. 使...惊慌"
oversee," v. 向下看,了望,监督"
overlap," n. 重叠,重复
vt. 重叠,重复
vi. 有重叠部分
[计算机] 重叠"
orderly," adj. 有秩序的, 整齐的, 一丝不苟的, 和平的
adv. 有秩序地，有条理地，依次地
n. 勤务兵, （医院的）勤务工"
optical," adj. 眼睛的, 视觉的, 光学的"
onward," adj. 向前的, 前进的
adv. 向前, 前进, 在先"
offspring," n. 子孙, 后代, 产物"
notable," adj. 显著的, 著名的
n. 名人"
nomadic," adj. 游牧的, 游牧民族的, 流浪的"
nodule," n. [医]小瘤, 小结节"
nitric," adj. 氮的, 含氮的, 硝石的"
needle," n. 针
vt. 用针缝,激怒,嘲弄
vi. 缝纫"
nectar," n. 花蜜, 甜美的饮料，众神饮用的酒"
necessity," n. 需要, 必需品, 必然"
narrative," n. 叙述,故事
adj. 叙述的,叙事的,故事体的"
narrator," n. 叙述者(讲解员,播音员)"
myriad," adj. 无数的
n. 极大数量"
mussel," n. 淡菜, 贻贝"
morphology, n. 形态学，语形论，形态论
morally, adv. 道德上地，道义上地
monopoly," n. 垄断,专利, 独占，控制"
momentum," n. 动力,要素, 势头,（物理）动量"
model," n. 模型, 模范, 模特儿
adj. 模范的, 作模型用的
v. 做模型, 塑造, 模仿"
minimal," adj. 最低限度的,最小的"
midair, n. 半空中
Mediterranean," adj. 地中海(的)
n. 地中海"
mediocre," adj. 平庸的, 平凡的"
medieval, adj. 中世纪的
manure," n. 肥料
vt. 施肥"
manual," adj. 手工的,体力的
n. 手册,指南,键盘"
magnitude, n.巨大，广大； 重大，重要； 量级； （地震）级数
magnify, v. 放大，夸大
mice, n. 老鼠(复数)
meticulous," adj. 一丝不苟的, 精确的"
methane, n. 甲烷
meteorologist, n. 气象学家
memorable," n. 值得纪念的事物
adj. 值得纪念的"
melody," n. 旋律,曲子,美的音乐,曲调"
megawatt, n. [电]百万瓦特
lure," n. 饵,诱惑 vt. 引诱,诱惑"
longevity, n. 长寿
logical," adj. 符合逻辑的,逻辑上的,有推理能力的"
lizard," n. 蜥蜴, 蜥蜴皮"
linguistic," adj. 语言的, 语言学的"
linear, adj. 直线的，线性的，长度的
liberty, n. 自由；许可；冒失
landform," n.地形,地貌"
kinetic, adj. 运动的，动力学的
keen," adj. 锋利的,敏锐的,强烈的,精明的,热衷于"
isotope, n. 同位素
iridium, n. [化学] 铱（Ir）
intoxication," n. 喝醉, 陶醉, 中毒"
intimate," adj. 亲密的,私人的,秘密的
n.  密友
vt. 透露,暗示"
interrupt," n. 中断
vt. 打断,妨碍
vi. 插嘴
[计算机] 中断"
intellectual," n. 有知识者,知识份子,凭理智做事者
adj. 智力的,知性的,聪明的"
integrity," n. 诚实, 正直, 完整, 完善"
instantly," adv. 立即地, 即刻地"
inspection," n. 检查,视察"
injure," v. 伤害, 使...受冤屈"
inject, v. 注射
inherit," vi. 继承
vt. 继承,遗传"
ingredient," n. 成分, 因素"
influx," n. 流入, 河口, 辐辏
涌进; 汇集[C][S1]
an influx of customers
顾客的蜂拥而来"
indefinite," adj. 模糊的, 不确定的, 无限的"
inconspicuous," adj. 不显眼的, 难以觉察的"
conspicuous," adj. 显著的,显而易见的, 显眼的"
identical," adj. 相同的,同一的"
huddle," n. 杂乱一团, 混乱, 拥挤
v. 推挤, 乱堆, 草率了事"
hormone," n. 荷尔蒙, 激素"
homogeneous," adj. 同种的,同质的,均质的"
hieroglyphic," adj. 符号的, 象形文字的，字迹模糊的
n. 象形文字，难辨别的书写"
hay, n. 干草
haul," n. 拖;大批赃物;一网的捕获量;拖运货物的距离
vt. 用力拖拉,用车运送,改变方向,把某人带上来审问或训斥
vi. 拉,行进,提供交通,改变风向"
hamper," n. 食盒,食篮
v. 阻碍,使...困累,困累"
greenish, adj. 带绿色的
grandiose," adj. 宏伟的, 堂皇的, 浮夸的"
gradient," n. 倾斜度,坡度,升降率
adj. 倾斜的,步行的,步行态的"
goose," n. 鹅，鹅肉
vt. 推动"
gland, n. 腺
girder," n. 桁, 梁"
gibbon, n. 长臂猿
genuine," adj. 真正的,真实的,诚恳的"
generous," adj. 慷慨的,宽宏大量的,丰盛的,味浓的"
gender," n. 性,性别
vt.& vi. 产生,发生"
frown," n. 皱眉, 不悦
vt. &vi. 皱眉头, 不同意"
friction," n. 摩擦,摩擦力,分歧"
freeze," v. 冻结, 冷冻, 僵硬
[计算机] 冻结"
fracture," n. 破碎,骨折
vt. 破碎,破裂
vi. 断裂"
fraction," n. 分数, 小部分, 破片"
founder," n. 创立者, 建立者
v. 摔倒, 失败，沉没，弄跛"
foremost," adj. 最初的
adv. 在最前面"
forbid," vt. 禁止,妨碍, 阻止"
foliage, n. 叶子(总称)，簇叶
fodder," n. 饲料, 草料，原料
vt. 供草料"
flesh," n. 肉(体),人性
vt. 用肉喂,赋予血肉,使长肉
vi. 变胖"
fleece," n. 羊毛，绒头织物；羊毛制的覆盖物
vt. 剪下羊毛；欺诈，剥削"
flax," n. 亚麻, 麻布, 亚麻织品"
fern, n. 羊齿植物，蕨
feat," n. 壮举,功绩,技艺表演"
fatal," adj. 致命的, 毁灭性的, 决定性的"
fascinating, adj. 迷人的
fare," n. 费用,食物
v. 进展,进步,经营"
fame," n. 名声,名望
vt. 使有名望"
fade," vi. 褪色,消失,凋谢
vt. 使褪色
n. 淡入,淡出
adj. 平凡的,乏味的"
exuberant," adj. 繁茂的, 丰富的，充满活力的"
exempt," n. 免税者,被免除义务者
adj. 免除的
v. 使免除"
execute," vt. 执行,处决，实行,完成
[计算机] 执行"
excitation," n. 刺激, 激动, 激发"
evaluate," vt. 评估,评价"
ether," n. 乙醚, 醚"
estate," n. 财产,房地产,状态,遗产"
erect," adj. 直立的,竖立的,笔直的
v. 竖立,使...直立,建筑"
equatorial," adj. 近赤道的, 赤道的"
epitome," n. 摘要, 缩影, 化身"
episode," n. 插曲,插话,(作品的一段)情节,有趣的事件"
ensue, v. 跟着发生，继起，因而产生
endure," vt. 忍耐,容忍
vi. 持久,持续"
encroach," v. 侵占,蚕食
vi. 侵占,侵犯,侵害
vt. 侵犯"
encase," v. 包围,装入箱内
vt. 把...装入箱中,包起"
elongate," v. 延长, 伸长
vt. 伸长"
elegant," adj. 优雅的, 精美的, 俊美的"
efficiency, n. 效率；效能；功效
edition," n. 版, 版本"
earthenware, n. 陶器
dwarf," n. 矮子,侏儒
vt. 使矮小
vi. 变小"
dormancy, n. 休眠，冬眠，潜伏
dolphin, n. 海豚
disguise," n. 假面目,伪装物,假装
vt. 假装,假扮,掩饰"
discrete," adj. 不连续的 离散的
[计算机] 分离 离散"
discern," vt.看出； 理解，了解； 识别，辨别
vi.辨明，分清"
discard," n. 丢牌,废牌
vt. 丢弃,抛弃
vi. 丢牌"
diffuse," vt. 散播,使(气体或液体)慢慢混合
vi. 弥漫,扩散
adj. 冗长的,四散的,散漫的"
dictate," vi. 听写
vt. 口述,口授
n. 命令,指挥,指令"
dialect, n. 方言
devour," vt. 吞食,耗尽,吞没,贪婪的享用"
detachment, n. 分离，分遣，冷漠，公正
detach," vt. 使分离, 拆卸
[计算机] 脱离"
despondent," adj. 沮丧的, 没有精神的"
deprive," vt. 剥夺,拒绝,免职"
depart," vt. 离开
vi. 离开,死亡,脱轨"
demise," n. 死亡,转让房产,让位
vt. 让渡,遗赠,转让
vi. 遗赠,死亡"
delight," n. 快乐,高兴
vi. 给与乐趣,使高兴
vt. 使高兴"
dehydrate," v. （使）脱水, （使）干燥"
decoy, n. 引诱(假目标) vt 引诱
decomposition," n. 分解,腐败,变质"
decompose," vi. &vt. 分解
vt. 腐烂"
deciduous," adj. 每年落叶的, 非永久性的"
debate," n. 辩论,讨论
vt. 争论,思考
vi. 商讨,辩论"
damp," n. 毒气,湿气,丧气
adj. 潮湿的
vt. 呛,抑制,使潮湿
vi. 衰减"
customary," adj. 习惯的, 惯例的"
custom," n. 习惯, 风俗, 海关"
curtain," n. 窗帘,遮蔽物,幕
vt. 用窗帘装饰,遮蔽"
curious," adj. 好奇的,古怪的"
cue," n. 字母Q,信号,线索,球杆
vt. 暗示,用球杆打球
vi. 使用球杆"
cry," n. 叫,哭,喊,口号,叫卖声,普遍意见
vt. 大声叫喊,宣传,哭得...
vi. 哭,叫,喊,强烈要求"
crowd," n.人群； 群众； 一群
vi.拥挤，聚集
vt.挤满； 将…塞进； 催逼"
credit," n. 信用, 荣誉, 贷款, 学分
v. 归功于, 赞颂, 信任"
cow," n. 母牛, 母兽
vt.恐吓"
court," n. 法院, 庭院, 奉承, 球场
v. 献殷勤, 追求, 招致（危险、失败等）"
course," n. 课程, 讲座, 过程, 路线, 一道(菜)"
cotta, n. 短白衣
corpse, n. 尸体
contrary," adj. 相反的,截然不同的
adv. 相反(地)
n. 反面,相反"
contradictory," adj. 反驳的,反对的,抗辩的
n. 正反对,矛盾对立"
contour," n. 轮廓(等高线,周线,电路,概要)
vt. 画轮廓(画等高线)
adj. 显示轮廓的"
constitute," vt. 构成,建立,任命"
condense," v. 浓缩, 摘要, 缩短"
compromise," n. 妥协, 折衷, 折衷案
vt. 妥协处理, 危害
vi. 妥协, 让步"
comprise," vt. 包含,构成"
communal, adj. 公有的
commonsense," adj. 有常识的，明白事理的，
n.常识"
commission," n. 委任(状), 任官令; 委员会
n. 佣金; 犯罪行为
vt. 委任, 委托; 使服役"
coin," n. 硬币,金钱,货币
vt. 制造钱币,创造
adj. 与硬币有关的"
clinical, adj. 临床的
client, n.顾客； 当事人； 诉讼委托人； [计算机]客户端
clarify," vt. 澄清,阐明,使...明晰"
cite," vt. 引用,引证,传讯,嘉奖"
chimney, n. 烟囱
cheese," n.奶酪； <俚>微笑
vt.<俚>停止"
chart," n. 图表
vt. 制成图表"
Celsius, adj. 摄氏的
cellulose, n. 纤维素
celluloid, n. 赛璐珞
celestial," adj.天的，天空的
n.天人，神仙；（指封建时代的）中国人，天朝之人"
cavity," n. 洞, 空穴, 腔"
canvas, n. 帆布，（帆布）画布，油画
channel," n. 通道,频道,海峡,方法
vt. 引导,开导,形成河道,输送"
candle, n. 蜡烛
campus, n. (大学)校园
camel," n. 骆驼,浮船箱,浅黄棕色"
calcareous," adj.石灰质的,碳酸钙的"
cabin," n. 船舱,机舱,小木屋
vt. 抑制
vi. 住在小屋"
bushy," adj. 灌木一样的, 灌木茂密的, 多毛的"
brightness," n. 光亮, 明亮, 聪明"
breed," n. 品种,族类
vt. 养育,繁殖,引起
vi. 繁殖"
brass," n. 黄铜(制品),铜管（乐器）
adj. 黄铜的"
bond," n. 债券；结合；约定；粘合剂
vi. 结合，团结在一起
vt. 使结合；以…作保"
boil," v. 沸腾,煮沸
vi. 沸腾
vt. 煮沸"
boast," n. 吹牛
vt. &vi. 吹牛,自夸"
board," n. 木板, 甲板, 董事会
n. 伙食; 舞台, 演员的职业; 船舷
vt. 登(飞机、车、船等); 有偿提供食宿; 用木板覆盖
vi. 搭伙"
bluish, adj. 带蓝色的
bison, n. 野牛
bind," vt. 绑,约束,装订,粘合"
bilingual," adj. 双语的,用两种语言表达或书写的"
bias," n. 偏见，斜纹
vt. 使偏心"
bemoan," vt. 悲叹，为…惋惜, 认为遗憾"
beat," n. 打,敲打声,拍子,独家报道,一会儿
vt. &vi. 打,打败"
bean, n. 豆
beast," n. 畜牲
n. 凶残的人, 令人厌憎的人"
bath," n. 洗澡,洗澡水,浴盆,浴室,财政亏损,(复)游泳池
n. (Bath)巴斯(英国城市)
vt. &vi. 洗澡"
barter," n. 物物交换, 实物交易
v. 物物交换, 交换"
barren," adj. 不育的, 贫瘠的"
barn," n. 谷仓, 牲口棚"
bark," n. 狗叫,咆哮,厉声说话,树皮,小帆船
vi. 吠叫,咆哮,急促地说
vt. 咆哮,叫卖,撕(表皮)"
backdrop," n. 背景幕, 背景"
automate," v. 自动化
vt. 使自动化"
auditorium, n. 礼堂，观众席
attest," v. 证明, 作证, 为...作证"
astounding," adj. 令人惊骇的
动词astound的现在分词形式"
assure," vt. 保险,保证,确信,担保"
ascending," adj. 上升的
动词ascend的现在分词"
arousal," n. 激励, 鼓励, 唤醒, 激发"
arduous," adj. 费力的, 辛勤的, 险峻的"
aqueduct," n. [建]高架渠, 渡槽，[解]导管"
anticipate, vt. 预期，期望；占先，抢先；提前使用
antenna," n. 触角,天线,感觉,直觉"
alloy," n. 合金
vt. 使...成合金, 搀以劣质, 减低成色, 影响或贬损
vi. 有合金能力"
alkaloid," n. [生化]生物碱, 植物碱基"
algae," n. 水藻, 海藻"
aircraft, n. 飞机
aggravating," adj. 使更恶化的,加厉的,恼人的"
adorn," v. 装饰, 佩戴"
address,n. n.地址； 通信处； 演说； 称呼
acute," adj.尖的，锐的； 敏锐的，敏感的； 严重的，剧烈的； [医]急性的, 激烈的, 尖锐的"
Pullman," n. 卧车, 普式火车"
kinetoscope, n. 活动电影放映机
George," n. 乔治（男子名）
n. 自动操纵装置
n. 英国最高勋爵勋章上的圣乔治诛龙图"
British," adj. 英国的
n. 英国人, 英国英语"
plover, n. 珩科鸟
Proterozoic," n. 元古代 
adj. 元古代的"
haze," n. 薄雾
vi. (over)变模糊"
ichthyosaur, n. 鱼龙
peepshow, 西洋镜
coma, n. 昏迷
vaudeville," n. 滑稽通俗喜剧,杂耍"
fluke," n. 侥幸；锚爪；意外的挫折
v. 侥幸成功；意外受挫"
challenger," n. 挑战者, 需要全力对付的事物"
bladder, n. 膀胱，囊，囊状物
Wales, n. 英国威尔士（英国的一部分，位于大不列颠岛西南）
showman," n. 戏剧制作人, 玩杂耍的"
shaman, n. 萨满黄教的教徒或巫师
mackerel, n. 鲭
eusocial," adj.(昆虫)完全社会性的,完全群居的"
buoyant," adj. 有浮力的, 心情愉快的，趋于上涨的"
bloodhound, n. 侦探犬，侦探，间谍
levy," n. 征税,召集
vt. 征收,发动(战争
vi. 强收"
huckleberry, n. 越橘类植物
elk," n. [动]麋, 驼鹿，软鞣粗皮"
carol," n. 颂歌,欢乐的歌
vt.& vi. 欢唱"
blowhole," n. 喷水孔, 通风孔, 通气孔"
aviculture," n. 养鸟, 鸟类饲养"
warp," n. 弯,歪曲,乖僻
vt. 弄歪,翘曲"
tram," n. （英）有轨电车,矿车,煤车,缆车
(复数）trams:有轨电车轨道
vt. 用缆车,电车等运输"
thresh," v. 打(庄稼)
vt. 打谷"
swordfish, n. 箭鱼;剑鱼
Sarah, n. 莎拉
Santa," [美]=Santa Claus
n. 圣诞老人"
marlin," n. 马林鱼
n. 细索（=marline）"
lantern," n. 灯笼, [建筑学]天窗, 屋顶气窗"
harpsichord, n. 羽管键琴，大键琴
dandelion, n. 蒲公英
catharsis," n. 洗涤, 净化, 精神发泄"
Appalachian, adj. 阿帕拉契山脉的
vascular," adj. 血管的, 脉管的，充满活力的"
seismic, adj. 地震的
sedge, n. 菅茅，莎草
sailfish, n. 旗鱼
New Orleans, n. 新奥尔良(美国港口城市)
Maryland, n. 马里兰(州)[美国]
Inca, n. 印加人(古代秘鲁土著人)
igloo, n.（爱斯基摩人用冰雪凝块砌成的）拱形圆顶小屋
ford," n. 浅滩
v. 涉过, 涉水
Ford：福特汽车，福特（人名）"
Detroit, n. 底特律[美国城市]
clavichord, n. 古钢琴(钢琴的前身)
ammonia," n. 氨水,阿摩尼亚"
tricycle, n. 三轮车
tempera, n. 蛋彩画
stump," n. 残株, 烟蒂, 讲演台
v. 砍断, 蹒跚而走"
streptomycin, n. [药]链霉素
scuba, n. 水中呼吸器
providence," n. 天意, 天命 
n. 远见，卓识，先见之明
Providence: 上帝"
oxen," n. 牛
名词ox的复数形式"
Oliver, n. 奥利弗(男子名)
Nebraska, n. 内布拉斯加州（美国中央的一个州）
microwave," n. 微波,微波炉
vt. 用微波炉加热"
luncheon," n. 午宴, 正式的午餐"
linoleum," n. 油布, 油毯"
Lancaster, n. 兰开斯特（英格兰王朝名，英格兰西北部城市，美国俄亥俄州中南部城市，美国宾夕法尼亚州东南部城市）
gusher, n. 喷油穴(迸发出的东西)
gazelle, n. 小羚羊，瞪羚
emulsion," n. 乳状液, 感光乳剂"
clover, n. 三叶草，苜蓿
bighorn, n. 洛矶山羊
asthenosphere, n. 岩流圈，软流圈
Arkansas, n. 阿肯色州(美国州名)
aragonite, n. 霰石，文石
alligator," n. 产于美洲的鳄鱼
adj. 鳄鱼皮的
v. 龟裂成鳄鱼皮状"
